mode: set
github.com/Anthony-Bible/password-exchange/app/cmd/database/database.go:23.29,26.3 2 0
github.com/Anthony-Bible/password-exchange/app/cmd/database/database.go:34.67,36.22 1 0
github.com/Anthony-Bible/password-exchange/app/cmd/database/database.go:36.22,37.50 1 0
github.com/Anthony-Bible/password-exchange/app/cmd/database/database.go:37.50,39.5 1 0
github.com/Anthony-Bible/password-exchange/app/cmd/database/database.go:41.3,41.13 1 0
github.com/Anthony-Bible/password-exchange/app/cmd/database/database.go:43.47,44.45 1 1
github.com/Anthony-Bible/password-exchange/app/cmd/database/database.go:44.45,47.4 2 1
github.com/Anthony-Bible/password-exchange/app/cmd/database/database.go:48.3,48.22 1 1
github.com/Anthony-Bible/password-exchange/app/cmd/database/database.go:53.32,54.33 1 1
github.com/Anthony-Bible/password-exchange/app/cmd/database/database.go:54.33,56.3 1 1
github.com/Anthony-Bible/password-exchange/app/cmd/database/database.go:58.2,58.21 1 1
github.com/Anthony-Bible/password-exchange/app/cmd/database/database.go:58.21,60.3 1 0
github.com/Anthony-Bible/password-exchange/app/cmd/database/database.go:62.2,63.38 2 1
github.com/Anthony-Bible/password-exchange/app/cmd/database/database.go:63.38,65.3 1 1
github.com/Anthony-Bible/password-exchange/app/cmd/database/database.go:67.2,67.12 1 1
github.com/Anthony-Bible/password-exchange/app/cmd/database/database.go:80.54,81.22 1 1
github.com/Anthony-Bible/password-exchange/app/cmd/database/database.go:81.22,83.4 1 0
github.com/Anthony-Bible/password-exchange/app/cmd/database/database.go:84.3,84.23 1 1
github.com/Anthony-Bible/password-exchange/app/cmd/database/database.go:91.54,92.22 1 1
github.com/Anthony-Bible/password-exchange/app/cmd/database/database.go:92.22,94.4 1 0
github.com/Anthony-Bible/password-exchange/app/cmd/database/database.go:95.3,95.25 1 1
github.com/Anthony-Bible/password-exchange/app/cmd/database/database.go:102.54,103.22 1 1
github.com/Anthony-Bible/password-exchange/app/cmd/database/database.go:103.22,105.4 1 0
github.com/Anthony-Bible/password-exchange/app/cmd/database/database.go:106.3,107.17 2 1
github.com/Anthony-Bible/password-exchange/app/cmd/database/database.go:107.17,109.4 1 0
github.com/Anthony-Bible/password-exchange/app/cmd/database/database.go:110.3,111.13 2 1
github.com/Anthony-Bible/password-exchange/app/cmd/database/database.go:119.54,120.22 1 1
github.com/Anthony-Bible/password-exchange/app/cmd/database/database.go:120.22,122.4 1 0
github.com/Anthony-Bible/password-exchange/app/cmd/database/database.go:123.3,123.34 1 1
github.com/Anthony-Bible/password-exchange/app/cmd/database/database.go:131.54,132.22 1 0
github.com/Anthony-Bible/password-exchange/app/cmd/database/database.go:132.22,134.4 1 0
github.com/Anthony-Bible/password-exchange/app/cmd/database/database.go:135.3,136.64 2 0
github.com/Anthony-Bible/password-exchange/app/cmd/database/database.go:136.64,138.4 1 0
github.com/Anthony-Bible/password-exchange/app/cmd/database/database.go:139.3,139.33 1 0
github.com/Anthony-Bible/password-exchange/app/cmd/database/database.go:143.36,145.57 2 0
github.com/Anthony-Bible/password-exchange/app/cmd/database/database.go:145.57,147.3 1 0
github.com/Anthony-Bible/password-exchange/app/cmd/database/database.go:150.2,158.16 3 0
github.com/Anthony-Bible/password-exchange/app/cmd/database/database.go:158.16,160.3 1 0
github.com/Anthony-Bible/password-exchange/app/cmd/database/database.go:162.2,163.16 2 0
github.com/Anthony-Bible/password-exchange/app/cmd/database/database.go:163.16,165.3 1 0
github.com/Anthony-Bible/password-exchange/app/cmd/database/database.go:166.2,167.12 2 0
github.com/Anthony-Bible/password-exchange/app/cmd/database/database.go:171.51,173.31 2 0
github.com/Anthony-Bible/password-exchange/app/cmd/database/database.go:173.31,175.3 1 0
github.com/Anthony-Bible/password-exchange/app/cmd/database/database.go:176.2,176.38 1 0
github.com/Anthony-Bible/password-exchange/app/cmd/database/database.go:176.38,180.10 4 0
github.com/Anthony-Bible/password-exchange/app/cmd/database/database.go:180.10,181.12 1 0
github.com/Anthony-Bible/password-exchange/app/cmd/database/database.go:183.3,183.22 1 0
github.com/Anthony-Bible/password-exchange/app/cmd/database/database.go:183.22,185.12 2 0
github.com/Anthony-Bible/password-exchange/app/cmd/database/database.go:187.3,187.19 1 0
github.com/Anthony-Bible/password-exchange/app/cmd/database/database.go:188.23,189.49 1 0
github.com/Anthony-Bible/password-exchange/app/cmd/database/database.go:190.11,191.55 1 0
github.com/Anthony-Bible/password-exchange/app/cmd/database/database.go:196.13,207.2 7 1
github.com/Anthony-Bible/password-exchange/app/cmd/database/database2.go:17.34,20.2 1 0
github.com/Anthony-Bible/password-exchange/app/cmd/database/database2.go:22.43,40.15 6 0
github.com/Anthony-Bible/password-exchange/app/cmd/database/database2.go:40.15,41.46 1 0
github.com/Anthony-Bible/password-exchange/app/cmd/database/database2.go:41.46,43.4 1 0
github.com/Anthony-Bible/password-exchange/app/cmd/database/database2.go:47.2,55.43 4 0
github.com/Anthony-Bible/password-exchange/app/cmd/database/database2.go:55.43,57.3 1 0
github.com/Anthony-Bible/password-exchange/app/cmd/database/migrator.go:30.70,35.2 1 0
github.com/Anthony-Bible/password-exchange/app/cmd/database/migrator.go:37.38,39.2 1 0
github.com/Anthony-Bible/password-exchange/app/cmd/database/migrator.go:41.40,43.2 1 0
github.com/Anthony-Bible/password-exchange/app/cmd/database/migrator.go:45.57,47.2 1 0
github.com/Anthony-Bible/password-exchange/app/cmd/database/migrator.go:49.52,51.2 1 0
github.com/Anthony-Bible/password-exchange/app/cmd/database/migrator.go:53.53,58.60 4 0
github.com/Anthony-Bible/password-exchange/app/cmd/database/migrator.go:58.60,60.3 1 0
github.com/Anthony-Bible/password-exchange/app/cmd/database/migrator.go:62.2,63.16 2 0
github.com/Anthony-Bible/password-exchange/app/cmd/database/migrator.go:63.16,65.3 1 0
github.com/Anthony-Bible/password-exchange/app/cmd/database/migrator.go:66.2,69.16 3 0
github.com/Anthony-Bible/password-exchange/app/cmd/database/migrator.go:69.16,71.3 1 0
github.com/Anthony-Bible/password-exchange/app/cmd/database/migrator.go:72.2,75.12 3 0
github.com/Anthony-Bible/password-exchange/app/internal/domains/encryption/adapters/secondary/memory/keygen.go:21.65,23.2 1 1
github.com/Anthony-Bible/password-exchange/app/internal/domains/encryption/adapters/secondary/memory/keygen.go:26.104,27.18 1 1
github.com/Anthony-Bible/password-exchange/app/internal/domains/encryption/adapters/secondary/memory/keygen.go:27.18,30.3 2 1
github.com/Anthony-Bible/password-exchange/app/internal/domains/encryption/adapters/secondary/memory/keygen.go:32.2,34.16 3 1
github.com/Anthony-Bible/password-exchange/app/internal/domains/encryption/adapters/secondary/memory/keygen.go:34.16,37.3 2 0
github.com/Anthony-Bible/password-exchange/app/internal/domains/encryption/adapters/secondary/memory/keygen.go:39.2,40.17 2 1
github.com/Anthony-Bible/password-exchange/app/internal/domains/encryption/adapters/secondary/memory/keygen.go:44.63,49.2 4 1
github.com/Anthony-Bible/password-exchange/app/internal/domains/encryption/adapters/primary/grpc/server.go:26.126,32.2 1 1
github.com/Anthony-Bible/password-exchange/app/internal/domains/encryption/adapters/primary/grpc/server.go:35.36,37.16 2 0
github.com/Anthony-Bible/password-exchange/app/internal/domains/encryption/adapters/primary/grpc/server.go:37.16,40.3 2 0
github.com/Anthony-Bible/password-exchange/app/internal/domains/encryption/adapters/primary/grpc/server.go:42.2,48.46 6 0
github.com/Anthony-Bible/password-exchange/app/internal/domains/encryption/adapters/primary/grpc/server.go:48.46,51.3 2 0
github.com/Anthony-Bible/password-exchange/app/internal/domains/encryption/adapters/primary/grpc/server.go:53.2,53.12 1 0
github.com/Anthony-Bible/password-exchange/app/internal/domains/encryption/adapters/primary/grpc/server.go:61.68,65.2 3 1
github.com/Anthony-Bible/password-exchange/app/internal/domains/encryption/adapters/primary/grpc/server.go:68.133,77.16 4 1
github.com/Anthony-Bible/password-exchange/app/internal/domains/encryption/adapters/primary/grpc/server.go:77.16,80.3 2 1
github.com/Anthony-Bible/password-exchange/app/internal/domains/encryption/adapters/primary/grpc/server.go:82.2,87.24 3 1
github.com/Anthony-Bible/password-exchange/app/internal/domains/encryption/adapters/primary/grpc/server.go:91.133,100.16 4 1
github.com/Anthony-Bible/password-exchange/app/internal/domains/encryption/adapters/primary/grpc/server.go:100.16,103.3 2 1
github.com/Anthony-Bible/password-exchange/app/internal/domains/encryption/adapters/primary/grpc/server.go:105.2,110.24 3 1
github.com/Anthony-Bible/password-exchange/app/internal/domains/encryption/adapters/primary/grpc/server.go:114.119,122.16 4 1
github.com/Anthony-Bible/password-exchange/app/internal/domains/encryption/adapters/primary/grpc/server.go:122.16,125.3 2 1
github.com/Anthony-Bible/password-exchange/app/internal/domains/encryption/adapters/primary/grpc/server.go:127.2,133.24 3 1
github.com/Anthony-Bible/password-exchange/app/internal/domains/encryption/domain/service.go:24.112,29.2 1 1
github.com/Anthony-Bible/password-exchange/app/internal/domains/encryption/domain/service.go:32.130,33.24 1 1
github.com/Anthony-Bible/password-exchange/app/internal/domains/encryption/domain/service.go:33.24,36.3 2 1
github.com/Anthony-Bible/password-exchange/app/internal/domains/encryption/domain/service.go:38.2,39.16 2 1
github.com/Anthony-Bible/password-exchange/app/internal/domains/encryption/domain/service.go:39.16,42.3 2 0
github.com/Anthony-Bible/password-exchange/app/internal/domains/encryption/domain/service.go:44.2,45.16 2 1
github.com/Anthony-Bible/password-exchange/app/internal/domains/encryption/domain/service.go:45.16,48.3 2 0
github.com/Anthony-Bible/password-exchange/app/internal/domains/encryption/domain/service.go:50.2,54.42 2 1
github.com/Anthony-Bible/password-exchange/app/internal/domains/encryption/domain/service.go:54.42,56.60 2 1
github.com/Anthony-Bible/password-exchange/app/internal/domains/encryption/domain/service.go:56.60,59.4 2 0
github.com/Anthony-Bible/password-exchange/app/internal/domains/encryption/domain/service.go:61.3,63.71 3 1
github.com/Anthony-Bible/password-exchange/app/internal/domains/encryption/domain/service.go:66.2,67.22 2 1
github.com/Anthony-Bible/password-exchange/app/internal/domains/encryption/domain/service.go:71.130,72.24 1 1
github.com/Anthony-Bible/password-exchange/app/internal/domains/encryption/domain/service.go:72.24,75.3 2 1
github.com/Anthony-Bible/password-exchange/app/internal/domains/encryption/domain/service.go:77.2,78.16 2 1
github.com/Anthony-Bible/password-exchange/app/internal/domains/encryption/domain/service.go:78.16,81.3 2 0
github.com/Anthony-Bible/password-exchange/app/internal/domains/encryption/domain/service.go:83.2,84.16 2 1
github.com/Anthony-Bible/password-exchange/app/internal/domains/encryption/domain/service.go:84.16,87.3 2 0
github.com/Anthony-Bible/password-exchange/app/internal/domains/encryption/domain/service.go:89.2,93.51 2 1
github.com/Anthony-Bible/password-exchange/app/internal/domains/encryption/domain/service.go:93.51,95.17 2 1
github.com/Anthony-Bible/password-exchange/app/internal/domains/encryption/domain/service.go:95.17,98.4 2 1
github.com/Anthony-Bible/password-exchange/app/internal/domains/encryption/domain/service.go:100.3,100.40 1 1
github.com/Anthony-Bible/password-exchange/app/internal/domains/encryption/domain/service.go:100.40,103.4 2 1
github.com/Anthony-Bible/password-exchange/app/internal/domains/encryption/domain/service.go:105.3,109.17 4 1
github.com/Anthony-Bible/password-exchange/app/internal/domains/encryption/domain/service.go:109.17,112.4 2 1
github.com/Anthony-Bible/password-exchange/app/internal/domains/encryption/domain/service.go:114.3,115.68 2 1
github.com/Anthony-Bible/password-exchange/app/internal/domains/encryption/domain/service.go:118.2,119.22 2 1
github.com/Anthony-Bible/password-exchange/app/internal/domains/encryption/domain/service.go:123.132,124.22 1 1
github.com/Anthony-Bible/password-exchange/app/internal/domains/encryption/domain/service.go:124.22,127.3 2 1
github.com/Anthony-Bible/password-exchange/app/internal/domains/encryption/domain/service.go:129.2,130.16 2 1
github.com/Anthony-Bible/password-exchange/app/internal/domains/encryption/domain/service.go:130.16,133.3 2 1
github.com/Anthony-Bible/password-exchange/app/internal/domains/encryption/domain/service.go:135.2,141.22 3 1
github.com/Anthony-Bible/password-exchange/app/internal/domains/encryption/domain/service.go:145.68,147.2 1 1
github.com/Anthony-Bible/password-exchange/app/internal/domains/encryption/adapters/secondary/viper/config.go:39.51,43.2 3 1
github.com/Anthony-Bible/password-exchange/app/internal/domains/encryption/adapters/secondary/viper/config.go:46.51,47.44 1 1
github.com/Anthony-Bible/password-exchange/app/internal/domains/encryption/adapters/secondary/viper/config.go:47.44,49.3 1 1
github.com/Anthony-Bible/password-exchange/app/internal/domains/encryption/adapters/secondary/viper/config.go:50.2,50.20 1 1
github.com/Anthony-Bible/password-exchange/app/internal/domains/encryption/adapters/secondary/viper/config.go:56.48,57.39 1 1
github.com/Anthony-Bible/password-exchange/app/internal/domains/encryption/adapters/secondary/viper/config.go:57.39,59.3 1 1
github.com/Anthony-Bible/password-exchange/app/internal/domains/encryption/adapters/secondary/viper/config.go:60.2,60.20 1 1
github.com/Anthony-Bible/password-exchange/app/internal/domains/encryption/adapters/secondary/viper/config.go:64.56,66.2 1 1
github.com/Anthony-Bible/password-exchange/app/internal/domains/encryption/adapters/secondary/viper/config.go:69.60,72.16 3 1
github.com/Anthony-Bible/password-exchange/app/internal/domains/encryption/adapters/secondary/viper/config.go:72.16,74.3 1 1
github.com/Anthony-Bible/password-exchange/app/internal/domains/encryption/adapters/secondary/viper/config.go:75.2,75.30 1 1
github.com/Anthony-Bible/password-exchange/app/internal/domains/encryption/adapters/secondary/viper/config.go:75.30,77.3 1 1
github.com/Anthony-Bible/password-exchange/app/internal/domains/encryption/adapters/secondary/viper/config.go:78.2,79.57 2 1
github.com/Anthony-Bible/password-exchange/app/internal/domains/encryption/adapters/secondary/viper/config.go:79.57,81.3 1 0
github.com/Anthony-Bible/password-exchange/app/internal/domains/encryption/adapters/secondary/viper/config.go:82.2,82.62 1 1
github.com/Anthony-Bible/password-exchange/app/internal/domains/encryption/adapters/secondary/viper/config.go:82.62,84.3 1 1
github.com/Anthony-Bible/password-exchange/app/internal/domains/encryption/adapters/secondary/viper/config.go:85.2,85.12 1 1
github.com/Anthony-Bible/password-exchange/app/internal/domains/message/adapters/primary/api/middleware/correlation.go:16.38,17.30 1 1
github.com/Anthony-Bible/password-exchange/app/internal/domains/message/adapters/primary/api/middleware/correlation.go:17.30,22.26 2 1
github.com/Anthony-Bible/password-exchange/app/internal/domains/message/adapters/primary/api/middleware/correlation.go:22.26,24.4 1 1
github.com/Anthony-Bible/password-exchange/app/internal/domains/message/adapters/primary/api/middleware/correlation.go:27.3,30.11 3 1
github.com/Anthony-Bible/password-exchange/app/internal/domains/message/adapters/primary/api/middleware/error_handler.go:12.37,13.72 1 0
github.com/Anthony-Bible/password-exchange/app/internal/domains/message/adapters/primary/api/middleware/error_handler.go:13.72,31.3 4 0
github.com/Anthony-Bible/password-exchange/app/internal/domains/message/adapters/primary/api/middleware/error_handler.go:35.115,48.20 4 0
github.com/Anthony-Bible/password-exchange/app/internal/domains/message/adapters/primary/api/middleware/error_handler.go:48.20,50.3 1 0
github.com/Anthony-Bible/password-exchange/app/internal/domains/message/adapters/primary/api/middleware/error_handler.go:50.8,52.3 1 0
github.com/Anthony-Bible/password-exchange/app/internal/domains/message/adapters/primary/api/middleware/error_handler.go:54.2,54.50 1 0
github.com/Anthony-Bible/password-exchange/app/internal/domains/message/adapters/primary/api/middleware/prometheus.go:20.77,54.2 3 1
github.com/Anthony-Bible/password-exchange/app/internal/domains/message/adapters/primary/api/middleware/prometheus.go:57.71,58.30 1 1
github.com/Anthony-Bible/password-exchange/app/internal/domains/message/adapters/primary/api/middleware/prometheus.go:58.30,75.21 9 1
github.com/Anthony-Bible/password-exchange/app/internal/domains/message/adapters/primary/api/middleware/prometheus.go:75.21,77.4 1 0
github.com/Anthony-Bible/password-exchange/app/internal/domains/message/adapters/primary/api/middleware/prometheus.go:80.3,82.88 3 1
github.com/Anthony-Bible/password-exchange/app/internal/domains/message/adapters/primary/api/middleware/prometheus.go:87.71,90.2 2 1
github.com/Anthony-Bible/password-exchange/app/internal/domains/message/adapters/primary/api/middleware/rate_limit.go:24.49,26.2 1 1
github.com/Anthony-Bible/password-exchange/app/internal/domains/message/adapters/primary/api/middleware/rate_limit.go:29.69,31.32 1 1
github.com/Anthony-Bible/password-exchange/app/internal/domains/message/adapters/primary/api/middleware/rate_limit.go:31.32,33.3 1 1
github.com/Anthony-Bible/password-exchange/app/internal/domains/message/adapters/primary/api/middleware/rate_limit.go:36.2,51.3 4 1
github.com/Anthony-Bible/password-exchange/app/internal/domains/message/adapters/primary/api/middleware/rate_limit.go:55.54,57.2 1 1
github.com/Anthony-Bible/password-exchange/app/internal/domains/message/adapters/primary/api/middleware/rate_limit.go:61.51,61.84 1 1
github.com/Anthony-Bible/password-exchange/app/internal/domains/message/adapters/primary/api/middleware/rate_limit.go:65.47,65.81 1 1
github.com/Anthony-Bible/password-exchange/app/internal/domains/message/adapters/primary/api/middleware/rate_limit.go:69.48,69.81 1 1
github.com/Anthony-Bible/password-exchange/app/internal/domains/message/adapters/primary/api/middleware/rate_limit.go:72.52,73.30 1 0
github.com/Anthony-Bible/password-exchange/app/internal/domains/message/adapters/primary/api/middleware/rate_limit.go:73.30,76.3 1 0
github.com/Anthony-Bible/password-exchange/app/internal/domains/message/adapters/primary/api/middleware/rate_limit.go:80.52,90.26 3 1
github.com/Anthony-Bible/password-exchange/app/internal/domains/message/adapters/primary/api/middleware/rate_limit.go:90.26,92.3 1 1
github.com/Anthony-Bible/password-exchange/app/internal/domains/message/adapters/primary/api/middleware/rate_limit.go:95.2,95.82 1 1
github.com/Anthony-Bible/password-exchange/app/internal/domains/message/adapters/primary/api/middleware/rate_limit.go:95.82,97.3 1 1
github.com/Anthony-Bible/password-exchange/app/internal/domains/message/adapters/primary/api/middleware/rate_limit.go:98.2,98.78 1 1
github.com/Anthony-Bible/password-exchange/app/internal/domains/message/adapters/primary/api/middleware/rate_limit.go:98.78,100.3 1 1
github.com/Anthony-Bible/password-exchange/app/internal/domains/message/adapters/primary/api/middleware/rate_limit.go:101.2,101.70 1 1
github.com/Anthony-Bible/password-exchange/app/internal/domains/message/adapters/primary/api/middleware/rate_limit.go:101.70,103.3 1 1
github.com/Anthony-Bible/password-exchange/app/internal/domains/message/adapters/primary/api/middleware/rate_limit.go:105.2,106.51 2 1
github.com/Anthony-Bible/password-exchange/app/internal/domains/message/adapters/primary/api/middleware/rate_limit.go:111.46,111.79 1 1
github.com/Anthony-Bible/password-exchange/app/internal/domains/message/adapters/primary/api/middleware/rate_limit.go:115.44,115.78 1 1
github.com/Anthony-Bible/password-exchange/app/internal/domains/message/adapters/primary/api/middleware/rate_limit.go:119.45,119.79 1 1
github.com/Anthony-Bible/password-exchange/app/internal/domains/message/adapters/primary/api/middleware/redacting_logger.go:21.53,22.30 1 1
github.com/Anthony-Bible/password-exchange/app/internal/domains/message/adapters/primary/api/middleware/redacting_logger.go:22.30,35.21 10 1
github.com/Anthony-Bible/password-exchange/app/internal/domains/message/adapters/primary/api/middleware/redacting_logger.go:35.21,37.4 1 1
github.com/Anthony-Bible/password-exchange/app/internal/domains/message/adapters/primary/api/middleware/redacting_logger.go:39.3,46.4 1 1
github.com/Anthony-Bible/password-exchange/app/internal/domains/message/adapters/primary/api/middleware/redacting_logger.go:53.48,54.20 1 1
github.com/Anthony-Bible/password-exchange/app/internal/domains/message/adapters/primary/api/middleware/redacting_logger.go:54.20,56.3 1 1
github.com/Anthony-Bible/password-exchange/app/internal/domains/message/adapters/primary/api/middleware/redacting_logger.go:58.2,59.16 2 1
github.com/Anthony-Bible/password-exchange/app/internal/domains/message/adapters/primary/api/middleware/redacting_logger.go:59.16,62.3 1 0
github.com/Anthony-Bible/password-exchange/app/internal/domains/message/adapters/primary/api/middleware/redacting_logger.go:64.2,64.44 1 1
github.com/Anthony-Bible/password-exchange/app/internal/domains/message/adapters/primary/api/middleware/redacting_logger.go:64.44,65.42 1 1
github.com/Anthony-Bible/password-exchange/app/internal/domains/message/adapters/primary/api/middleware/redacting_logger.go:65.42,67.4 1 1
github.com/Anthony-Bible/password-exchange/app/internal/domains/message/adapters/primary/api/middleware/redacting_logger.go:70.2,70.24 1 1
github.com/Anthony-Bible/password-exchange/app/internal/domains/message/adapters/primary/api/middleware/validation.go:18.13,22.68 2 1
github.com/Anthony-Bible/password-exchange/app/internal/domains/message/adapters/primary/api/middleware/validation.go:22.68,24.18 2 1
github.com/Anthony-Bible/password-exchange/app/internal/domains/message/adapters/primary/api/middleware/validation.go:24.18,26.4 1 0
github.com/Anthony-Bible/password-exchange/app/internal/domains/message/adapters/primary/api/middleware/validation.go:27.3,27.14 1 1
github.com/Anthony-Bible/password-exchange/app/internal/domains/message/adapters/primary/api/middleware/validation.go:31.2,32.60 2 1
github.com/Anthony-Bible/password-exchange/app/internal/domains/message/adapters/primary/api/middleware/validation.go:36.45,37.30 1 0
github.com/Anthony-Bible/password-exchange/app/internal/domains/message/adapters/primary/api/middleware/validation.go:37.30,42.3 2 0
github.com/Anthony-Bible/password-exchange/app/internal/domains/message/adapters/primary/api/middleware/validation.go:46.59,48.16 2 1
github.com/Anthony-Bible/password-exchange/app/internal/domains/message/adapters/primary/api/middleware/validation.go:48.16,50.3 1 1
github.com/Anthony-Bible/password-exchange/app/internal/domains/message/adapters/primary/api/middleware/validation.go:52.2,54.66 2 1
github.com/Anthony-Bible/password-exchange/app/internal/domains/message/adapters/primary/api/middleware/validation.go:54.66,55.47 1 1
github.com/Anthony-Bible/password-exchange/app/internal/domains/message/adapters/primary/api/middleware/validation.go:55.47,58.4 2 1
github.com/Anthony-Bible/password-exchange/app/internal/domains/message/adapters/primary/api/middleware/validation.go:61.2,61.13 1 1
github.com/Anthony-Bible/password-exchange/app/internal/domains/message/adapters/primary/api/middleware/validation.go:65.93,69.62 2 1
github.com/Anthony-Bible/password-exchange/app/internal/domains/message/adapters/primary/api/middleware/validation.go:69.62,70.34 1 1
github.com/Anthony-Bible/password-exchange/app/internal/domains/message/adapters/primary/api/middleware/validation.go:70.34,72.4 1 1
github.com/Anthony-Bible/password-exchange/app/internal/domains/message/adapters/primary/api/middleware/validation.go:76.2,76.26 1 1
github.com/Anthony-Bible/password-exchange/app/internal/domains/message/adapters/primary/api/middleware/validation.go:76.26,77.24 1 1
github.com/Anthony-Bible/password-exchange/app/internal/domains/message/adapters/primary/api/middleware/validation.go:77.24,79.4 1 1
github.com/Anthony-Bible/password-exchange/app/internal/domains/message/adapters/primary/api/middleware/validation.go:79.9,80.29 1 1
github.com/Anthony-Bible/password-exchange/app/internal/domains/message/adapters/primary/api/middleware/validation.go:80.29,82.5 1 1
github.com/Anthony-Bible/password-exchange/app/internal/domains/message/adapters/primary/api/middleware/validation.go:83.4,83.30 1 1
github.com/Anthony-Bible/password-exchange/app/internal/domains/message/adapters/primary/api/middleware/validation.go:83.30,85.5 1 1
github.com/Anthony-Bible/password-exchange/app/internal/domains/message/adapters/primary/api/middleware/validation.go:85.10,85.78 1 1
github.com/Anthony-Bible/password-exchange/app/internal/domains/message/adapters/primary/api/middleware/validation.go:85.78,86.36 1 1
github.com/Anthony-Bible/password-exchange/app/internal/domains/message/adapters/primary/api/middleware/validation.go:86.36,88.6 1 1
github.com/Anthony-Bible/password-exchange/app/internal/domains/message/adapters/primary/api/middleware/validation.go:92.3,92.27 1 1
github.com/Anthony-Bible/password-exchange/app/internal/domains/message/adapters/primary/api/middleware/validation.go:92.27,94.4 1 1
github.com/Anthony-Bible/password-exchange/app/internal/domains/message/adapters/primary/api/middleware/validation.go:94.9,95.32 1 1
github.com/Anthony-Bible/password-exchange/app/internal/domains/message/adapters/primary/api/middleware/validation.go:95.32,97.5 1 1
github.com/Anthony-Bible/password-exchange/app/internal/domains/message/adapters/primary/api/middleware/validation.go:98.4,98.33 1 1
github.com/Anthony-Bible/password-exchange/app/internal/domains/message/adapters/primary/api/middleware/validation.go:98.33,100.5 1 1
github.com/Anthony-Bible/password-exchange/app/internal/domains/message/adapters/primary/api/middleware/validation.go:100.10,100.87 1 1
github.com/Anthony-Bible/password-exchange/app/internal/domains/message/adapters/primary/api/middleware/validation.go:100.87,101.39 1 1
github.com/Anthony-Bible/password-exchange/app/internal/domains/message/adapters/primary/api/middleware/validation.go:101.39,103.6 1 1
github.com/Anthony-Bible/password-exchange/app/internal/domains/message/adapters/primary/api/middleware/validation.go:108.3,108.31 1 1
github.com/Anthony-Bible/password-exchange/app/internal/domains/message/adapters/primary/api/middleware/validation.go:108.31,110.4 1 1
github.com/Anthony-Bible/password-exchange/app/internal/domains/message/adapters/primary/api/middleware/validation.go:110.9,110.72 1 1
github.com/Anthony-Bible/password-exchange/app/internal/domains/message/adapters/primary/api/middleware/validation.go:110.72,112.4 1 1
github.com/Anthony-Bible/password-exchange/app/internal/domains/message/adapters/primary/api/middleware/validation.go:115.2,115.22 1 1
github.com/Anthony-Bible/password-exchange/app/internal/domains/message/adapters/primary/api/middleware/validation.go:115.22,117.3 1 1
github.com/Anthony-Bible/password-exchange/app/internal/domains/message/adapters/primary/api/middleware/validation.go:119.2,119.15 1 1
github.com/Anthony-Bible/password-exchange/app/internal/domains/message/adapters/primary/api/middleware/validation.go:123.70,124.30 1 0
github.com/Anthony-Bible/password-exchange/app/internal/domains/message/adapters/primary/api/middleware/validation.go:124.30,136.44 5 0
github.com/Anthony-Bible/password-exchange/app/internal/domains/message/adapters/primary/api/middleware/validation.go:136.44,140.4 1 0
github.com/Anthony-Bible/password-exchange/app/internal/domains/message/adapters/primary/api/middleware/validation.go:147.59,150.37 2 0
github.com/Anthony-Bible/password-exchange/app/internal/domains/message/adapters/primary/api/middleware/validation.go:150.37,152.3 1 0
github.com/Anthony-Bible/password-exchange/app/internal/domains/message/adapters/primary/api/middleware/validation.go:155.2,156.38 2 0
github.com/Anthony-Bible/password-exchange/app/internal/domains/message/adapters/primary/api/middleware/validation.go:156.38,158.3 1 0
github.com/Anthony-Bible/password-exchange/app/internal/domains/message/adapters/primary/api/middleware/validation.go:161.2,161.34 1 0
github.com/Anthony-Bible/password-exchange/app/internal/domains/message/adapters/primary/api/middleware/validation.go:161.34,163.3 1 0
github.com/Anthony-Bible/password-exchange/app/internal/domains/message/adapters/primary/api/middleware/validation.go:165.2,165.13 1 0
github.com/Anthony-Bible/password-exchange/app/internal/domains/message/adapters/primary/api/middleware/validation.go:169.49,172.2 2 0
github.com/Anthony-Bible/password-exchange/app/internal/domains/message/adapters/primary/api/middleware/validation.go:175.64,176.18 1 1
github.com/Anthony-Bible/password-exchange/app/internal/domains/message/adapters/primary/api/middleware/validation.go:177.18,178.51 1 1
github.com/Anthony-Bible/password-exchange/app/internal/domains/message/adapters/primary/api/middleware/validation.go:179.15,180.41 1 1
github.com/Anthony-Bible/password-exchange/app/internal/domains/message/adapters/primary/api/middleware/validation.go:181.13,182.67 1 1
github.com/Anthony-Bible/password-exchange/app/internal/domains/message/adapters/primary/api/middleware/validation.go:183.13,184.71 1 1
github.com/Anthony-Bible/password-exchange/app/internal/domains/message/adapters/primary/api/middleware/validation.go:185.34,186.65 1 0
github.com/Anthony-Bible/password-exchange/app/internal/domains/message/adapters/primary/api/middleware/validation.go:187.23,188.36 1 0
github.com/Anthony-Bible/password-exchange/app/internal/domains/message/adapters/primary/api/middleware/validation.go:189.10,190.61 1 0
github.com/Anthony-Bible/password-exchange/app/internal/domains/message/adapters/primary/api/middleware/validation.go:195.65,196.23 1 1
github.com/Anthony-Bible/password-exchange/app/internal/domains/message/adapters/primary/api/middleware/validation.go:196.23,200.3 2 1
github.com/Anthony-Bible/password-exchange/app/internal/domains/message/adapters/primary/api/middleware/validation.go:203.2,213.13 3 1
github.com/Anthony-Bible/password-exchange/app/internal/domains/message/adapters/primary/api/middleware/validation.go:213.13,215.3 1 1
github.com/Anthony-Bible/password-exchange/app/internal/domains/message/adapters/primary/api/middleware/validation.go:217.2,218.38 2 1
github.com/Anthony-Bible/password-exchange/app/internal/domains/message/adapters/primary/api/middleware/validation.go:218.38,219.32 1 1
github.com/Anthony-Bible/password-exchange/app/internal/domains/message/adapters/primary/api/middleware/validation.go:219.32,221.4 1 1
github.com/Anthony-Bible/password-exchange/app/internal/domains/message/adapters/primary/api/middleware/validation.go:224.2,224.14 1 1
github.com/Anthony-Bible/password-exchange/app/internal/domains/message/adapters/primary/web/discovery.go:14.37,16.60 2 1
github.com/Anthony-Bible/password-exchange/app/internal/domains/message/adapters/primary/web/discovery.go:16.60,18.3 1 1
github.com/Anthony-Bible/password-exchange/app/internal/domains/message/adapters/primary/web/discovery.go:18.8,18.33 1 1
github.com/Anthony-Bible/password-exchange/app/internal/domains/message/adapters/primary/web/discovery.go:18.33,20.3 1 0
github.com/Anthony-Bible/password-exchange/app/internal/domains/message/adapters/primary/web/discovery.go:21.2,21.40 1 1
github.com/Anthony-Bible/password-exchange/app/internal/domains/message/adapters/primary/web/discovery.go:25.52,33.2 2 1
github.com/Anthony-Bible/password-exchange/app/internal/domains/message/adapters/primary/web/discovery.go:46.53,57.16 4 1
github.com/Anthony-Bible/password-exchange/app/internal/domains/message/adapters/primary/web/discovery.go:57.16,60.3 2 0
github.com/Anthony-Bible/password-exchange/app/internal/domains/message/adapters/primary/web/discovery.go:61.2,62.63 2 1
github.com/Anthony-Bible/password-exchange/app/internal/domains/message/adapters/primary/web/discovery.go:82.53,101.16 4 1
github.com/Anthony-Bible/password-exchange/app/internal/domains/message/adapters/primary/web/discovery.go:101.16,104.3 2 0
github.com/Anthony-Bible/password-exchange/app/internal/domains/message/adapters/primary/web/discovery.go:105.2,105.57 1 1
github.com/Anthony-Bible/password-exchange/app/internal/domains/message/adapters/primary/web/handlers.go:39.83,43.2 1 1
github.com/Anthony-Bible/password-exchange/app/internal/domains/message/adapters/primary/web/handlers.go:46.56,53.76 4 1
github.com/Anthony-Bible/password-exchange/app/internal/domains/message/adapters/primary/web/handlers.go:53.76,55.17 2 1
github.com/Anthony-Bible/password-exchange/app/internal/domains/message/adapters/primary/web/handlers.go:55.17,59.4 3 1
github.com/Anthony-Bible/password-exchange/app/internal/domains/message/adapters/primary/web/handlers.go:60.3,60.57 1 1
github.com/Anthony-Bible/password-exchange/app/internal/domains/message/adapters/primary/web/handlers.go:60.57,68.4 3 1
github.com/Anthony-Bible/password-exchange/app/internal/domains/message/adapters/primary/web/handlers.go:69.3,69.24 1 1
github.com/Anthony-Bible/password-exchange/app/internal/domains/message/adapters/primary/web/handlers.go:73.2,74.84 2 1
github.com/Anthony-Bible/password-exchange/app/internal/domains/message/adapters/primary/web/handlers.go:74.84,76.17 2 0
github.com/Anthony-Bible/password-exchange/app/internal/domains/message/adapters/primary/web/handlers.go:76.17,80.4 3 0
github.com/Anthony-Bible/password-exchange/app/internal/domains/message/adapters/primary/web/handlers.go:81.3,82.15 2 0
github.com/Anthony-Bible/password-exchange/app/internal/domains/message/adapters/primary/web/handlers.go:83.15,84.50 1 0
github.com/Anthony-Bible/password-exchange/app/internal/domains/message/adapters/primary/web/handlers.go:84.50,92.5 3 0
github.com/Anthony-Bible/password-exchange/app/internal/domains/message/adapters/primary/web/handlers.go:93.4,93.38 1 0
github.com/Anthony-Bible/password-exchange/app/internal/domains/message/adapters/primary/web/handlers.go:94.20,95.33 1 0
github.com/Anthony-Bible/password-exchange/app/internal/domains/message/adapters/primary/web/handlers.go:96.11,99.10 3 0
github.com/Anthony-Bible/password-exchange/app/internal/domains/message/adapters/primary/web/handlers.go:101.3,101.97 1 0
github.com/Anthony-Bible/password-exchange/app/internal/domains/message/adapters/primary/web/handlers.go:101.97,109.4 3 0
github.com/Anthony-Bible/password-exchange/app/internal/domains/message/adapters/primary/web/handlers.go:113.2,130.16 3 1
github.com/Anthony-Bible/password-exchange/app/internal/domains/message/adapters/primary/web/handlers.go:130.16,134.3 3 0
github.com/Anthony-Bible/password-exchange/app/internal/domains/message/adapters/primary/web/handlers.go:137.2,139.91 2 1
github.com/Anthony-Bible/password-exchange/app/internal/domains/message/adapters/primary/web/handlers.go:143.59,151.16 5 1
github.com/Anthony-Bible/password-exchange/app/internal/domains/message/adapters/primary/web/handlers.go:151.16,155.3 3 0
github.com/Anthony-Bible/password-exchange/app/internal/domains/message/adapters/primary/web/handlers.go:157.2,157.24 1 1
github.com/Anthony-Bible/password-exchange/app/internal/domains/message/adapters/primary/web/handlers.go:157.24,161.3 3 1
github.com/Anthony-Bible/password-exchange/app/internal/domains/message/adapters/primary/web/handlers.go:164.2,169.93 2 1
github.com/Anthony-Bible/password-exchange/app/internal/domains/message/adapters/primary/web/handlers.go:173.57,182.38 6 1
github.com/Anthony-Bible/password-exchange/app/internal/domains/message/adapters/primary/web/handlers.go:182.38,184.3 1 1
github.com/Anthony-Bible/password-exchange/app/internal/domains/message/adapters/primary/web/handlers.go:186.2,187.16 2 1
github.com/Anthony-Bible/password-exchange/app/internal/domains/message/adapters/primary/web/handlers.go:187.16,191.3 3 0
github.com/Anthony-Bible/password-exchange/app/internal/domains/message/adapters/primary/web/handlers.go:194.2,202.16 3 1
github.com/Anthony-Bible/password-exchange/app/internal/domains/message/adapters/primary/web/handlers.go:202.16,206.41 2 1
github.com/Anthony-Bible/password-exchange/app/internal/domains/message/adapters/primary/web/handlers.go:206.41,214.4 3 1
github.com/Anthony-Bible/password-exchange/app/internal/domains/message/adapters/primary/web/handlers.go:216.3,217.9 2 0
github.com/Anthony-Bible/password-exchange/app/internal/domains/message/adapters/primary/web/handlers.go:221.2,229.97 3 1
github.com/Anthony-Bible/password-exchange/app/internal/domains/message/adapters/primary/web/handlers.go:233.47,240.2 4 1
github.com/Anthony-Bible/password-exchange/app/internal/domains/message/adapters/primary/web/handlers.go:242.48,247.2 2 0
github.com/Anthony-Bible/password-exchange/app/internal/domains/message/adapters/primary/web/handlers.go:249.55,256.2 3 1
github.com/Anthony-Bible/password-exchange/app/internal/domains/message/adapters/primary/web/handlers.go:261.55,266.2 2 0
github.com/Anthony-Bible/password-exchange/app/internal/domains/message/adapters/primary/web/handlers.go:268.51,270.2 1 0
github.com/Anthony-Bible/password-exchange/app/internal/domains/message/adapters/primary/web/handlers.go:273.81,282.2 3 0
github.com/Anthony-Bible/password-exchange/app/internal/domains/message/adapters/primary/web/handlers.go:284.93,293.2 3 1
github.com/Anthony-Bible/password-exchange/app/internal/domains/message/adapters/primary/web/handlers.go:295.52,300.2 2 1
github.com/Anthony-Bible/password-exchange/app/internal/domains/message/adapters/primary/web/handlers.go:308.3,311.23 2 1
github.com/Anthony-Bible/password-exchange/app/internal/domains/message/adapters/primary/web/handlers.go:311.23,314.3 2 1
github.com/Anthony-Bible/password-exchange/app/internal/domains/message/adapters/primary/web/handlers.go:318.2,318.22 1 1
github.com/Anthony-Bible/password-exchange/app/internal/domains/message/adapters/primary/web/handlers.go:318.22,321.3 2 1
github.com/Anthony-Bible/password-exchange/app/internal/domains/message/adapters/primary/web/handlers.go:323.2,325.16 3 1
github.com/Anthony-Bible/password-exchange/app/internal/domains/message/adapters/primary/web/handlers.go:325.16,329.3 3 0
github.com/Anthony-Bible/password-exchange/app/internal/domains/message/adapters/primary/web/handlers.go:330.2,330.57 1 1
github.com/Anthony-Bible/password-exchange/app/internal/domains/message/adapters/primary/web/handlers.go:337.108,345.15 4 1
github.com/Anthony-Bible/password-exchange/app/internal/domains/message/adapters/primary/web/handlers.go:345.15,345.38 1 1
github.com/Anthony-Bible/password-exchange/app/internal/domains/message/adapters/primary/web/handlers.go:347.2,348.34 2 1
github.com/Anthony-Bible/password-exchange/app/internal/domains/message/adapters/primary/web/handlers.go:364.62,364.81 1 1
github.com/Anthony-Bible/password-exchange/app/internal/domains/message/adapters/primary/web/handlers.go:365.62,365.88 1 1
github.com/Anthony-Bible/password-exchange/app/internal/domains/message/adapters/primary/web/handlers.go:366.62,366.94 1 0
github.com/Anthony-Bible/password-exchange/app/internal/domains/message/adapters/primary/web/handlers.go:367.62,367.81 1 1
github.com/Anthony-Bible/password-exchange/app/internal/domains/message/adapters/primary/web/handlers.go:368.63,368.64 0 0
github.com/Anthony-Bible/password-exchange/app/internal/domains/message/adapters/primary/web/handlers.go:369.62,369.81 1 0
github.com/Anthony-Bible/password-exchange/app/internal/domains/message/adapters/primary/web/handlers.go:370.62,370.85 1 0
github.com/Anthony-Bible/password-exchange/app/internal/domains/message/adapters/primary/web/handlers.go:371.62,371.89 1 0
github.com/Anthony-Bible/password-exchange/app/internal/domains/message/adapters/primary/web/handlers.go:376.50,386.2 9 1
github.com/Anthony-Bible/password-exchange/app/internal/domains/message/adapters/primary/web/handlers.go:390.48,391.55 1 1
github.com/Anthony-Bible/password-exchange/app/internal/domains/message/adapters/primary/web/handlers.go:391.55,393.3 1 1
github.com/Anthony-Bible/password-exchange/app/internal/domains/message/adapters/primary/web/handlers.go:394.2,395.15 2 1
github.com/Anthony-Bible/password-exchange/app/internal/domains/message/adapters/primary/web/handlers.go:395.15,397.3 1 1
github.com/Anthony-Bible/password-exchange/app/internal/domains/message/adapters/primary/web/handlers.go:398.2,404.35 7 1
github.com/Anthony-Bible/password-exchange/app/internal/domains/message/adapters/primary/web/handlers.go:404.35,406.3 1 1
github.com/Anthony-Bible/password-exchange/app/internal/domains/message/adapters/primary/web/handlers.go:407.2,409.43 3 1
github.com/Anthony-Bible/password-exchange/app/internal/domains/message/adapters/primary/web/handlers.go:409.43,412.3 2 1
github.com/Anthony-Bible/password-exchange/app/internal/domains/message/adapters/primary/web/handlers.go:413.2,413.19 1 1
github.com/Anthony-Bible/password-exchange/app/internal/domains/message/adapters/primary/web/handlers.go:418.39,420.28 2 1
github.com/Anthony-Bible/password-exchange/app/internal/domains/message/adapters/primary/web/handlers.go:420.28,421.15 1 1
github.com/Anthony-Bible/password-exchange/app/internal/domains/message/adapters/primary/web/handlers.go:421.15,423.21 2 1
github.com/Anthony-Bible/password-exchange/app/internal/domains/message/adapters/primary/web/handlers.go:423.21,425.5 1 1
github.com/Anthony-Bible/password-exchange/app/internal/domains/message/adapters/primary/web/handlers.go:426.9,428.4 1 1
github.com/Anthony-Bible/password-exchange/app/internal/domains/message/adapters/primary/web/handlers.go:430.2,431.16 2 1
github.com/Anthony-Bible/password-exchange/app/internal/domains/message/adapters/primary/web/handlers.go:431.16,433.3 1 1
github.com/Anthony-Bible/password-exchange/app/internal/domains/message/adapters/primary/web/handlers.go:434.2,434.36 1 1
github.com/Anthony-Bible/password-exchange/app/internal/domains/message/adapters/primary/web/handlers.go:441.41,443.24 2 1
github.com/Anthony-Bible/password-exchange/app/internal/domains/message/adapters/primary/web/handlers.go:443.24,445.3 1 1
github.com/Anthony-Bible/password-exchange/app/internal/domains/message/adapters/primary/web/handlers.go:447.2,449.57 3 1
github.com/Anthony-Bible/password-exchange/app/internal/domains/message/adapters/primary/web/handlers.go:449.57,451.17 2 1
github.com/Anthony-Bible/password-exchange/app/internal/domains/message/adapters/primary/web/handlers.go:451.17,452.12 1 0
github.com/Anthony-Bible/password-exchange/app/internal/domains/message/adapters/primary/web/handlers.go:454.3,455.10 2 1
github.com/Anthony-Bible/password-exchange/app/internal/domains/message/adapters/primary/web/handlers.go:455.10,456.12 1 0
github.com/Anthony-Bible/password-exchange/app/internal/domains/message/adapters/primary/web/handlers.go:458.3,458.10 1 1
github.com/Anthony-Bible/password-exchange/app/internal/domains/message/adapters/primary/web/handlers.go:459.56,460.15 1 1
github.com/Anthony-Bible/password-exchange/app/internal/domains/message/adapters/primary/web/handlers.go:460.15,462.5 1 1
github.com/Anthony-Bible/password-exchange/app/internal/domains/message/adapters/primary/web/handlers.go:463.50,464.22 1 1
github.com/Anthony-Bible/password-exchange/app/internal/domains/message/adapters/primary/web/handlers.go:464.22,466.5 1 1
github.com/Anthony-Bible/password-exchange/app/internal/domains/message/adapters/primary/web/handlers.go:467.47,468.25 1 1
github.com/Anthony-Bible/password-exchange/app/internal/domains/message/adapters/primary/web/handlers.go:468.25,470.5 1 1
github.com/Anthony-Bible/password-exchange/app/internal/domains/message/adapters/primary/web/handlers.go:471.27,472.24 1 1
github.com/Anthony-Bible/password-exchange/app/internal/domains/message/adapters/primary/web/handlers.go:472.24,474.5 1 1
github.com/Anthony-Bible/password-exchange/app/internal/domains/message/adapters/primary/web/handlers.go:478.2,478.14 1 1
github.com/Anthony-Bible/password-exchange/app/internal/domains/message/adapters/primary/web/handlers.go:478.14,480.3 1 1
github.com/Anthony-Bible/password-exchange/app/internal/domains/message/adapters/primary/web/handlers.go:485.2,486.9 2 1
github.com/Anthony-Bible/password-exchange/app/internal/domains/message/adapters/primary/web/handlers.go:487.23,488.21 1 1
github.com/Anthony-Bible/password-exchange/app/internal/domains/message/adapters/primary/web/handlers.go:489.26,490.24 1 1
github.com/Anthony-Bible/password-exchange/app/internal/domains/message/adapters/primary/web/handlers.go:491.25,492.23 1 1
github.com/Anthony-Bible/password-exchange/app/internal/domains/message/adapters/primary/web/handlers.go:494.2,494.21 1 1
github.com/Anthony-Bible/password-exchange/app/internal/domains/message/adapters/primary/web/handlers.go:498.61,500.9 2 1
github.com/Anthony-Bible/password-exchange/app/internal/domains/message/adapters/primary/web/handlers.go:500.9,502.3 1 1
github.com/Anthony-Bible/password-exchange/app/internal/domains/message/adapters/primary/web/handlers.go:504.2,505.34 2 1
github.com/Anthony-Bible/password-exchange/app/internal/domains/message/adapters/primary/web/handlers.go:505.34,507.3 1 0
github.com/Anthony-Bible/password-exchange/app/internal/domains/message/adapters/primary/web/handlers.go:509.2,509.16 1 1
github.com/Anthony-Bible/password-exchange/app/internal/domains/message/adapters/primary/web/handlers.go:513.58,514.41 1 0
github.com/Anthony-Bible/password-exchange/app/internal/domains/message/adapters/primary/web/handlers.go:514.41,516.3 1 0
github.com/Anthony-Bible/password-exchange/app/internal/domains/message/adapters/primary/web/handlers.go:518.2,519.16 2 0
github.com/Anthony-Bible/password-exchange/app/internal/domains/message/adapters/primary/web/handlers.go:519.16,521.3 1 0
github.com/Anthony-Bible/password-exchange/app/internal/domains/message/adapters/primary/web/handlers.go:523.2,523.62 1 0
github.com/Anthony-Bible/password-exchange/app/internal/domains/message/adapters/primary/web/server.go:34.14,48.29 5 0
github.com/Anthony-Bible/password-exchange/app/internal/domains/message/adapters/primary/web/server.go:48.29,50.4 1 0
github.com/Anthony-Bible/password-exchange/app/internal/domains/message/adapters/primary/web/server.go:54.2,64.3 4 0
github.com/Anthony-Bible/password-exchange/app/internal/domains/message/adapters/primary/web/server.go:68.81,71.2 2 0
github.com/Anthony-Bible/password-exchange/app/internal/domains/message/adapters/primary/web/server.go:74.35,102.2 13 0
github.com/Anthony-Bible/password-exchange/app/internal/domains/message/adapters/primary/web/server.go:105.38,123.36 5 0
github.com/Anthony-Bible/password-exchange/app/internal/domains/message/adapters/primary/web/server.go:123.36,132.36 4 0
github.com/Anthony-Bible/password-exchange/app/internal/domains/message/adapters/primary/web/server.go:132.36,135.4 2 0
github.com/Anthony-Bible/password-exchange/app/internal/domains/message/adapters/primary/web/server.go:136.3,136.11 1 0
github.com/Anthony-Bible/password-exchange/app/internal/domains/message/adapters/primary/web/server.go:140.2,145.2 4 0
github.com/Anthony-Bible/password-exchange/app/internal/domains/message/adapters/primary/web/server.go:145.2,151.27 4 0
github.com/Anthony-Bible/password-exchange/app/internal/domains/message/adapters/primary/web/server.go:151.27,156.4 4 0
github.com/Anthony-Bible/password-exchange/app/internal/domains/message/adapters/primary/web/server.go:159.3,163.69 3 0
github.com/Anthony-Bible/password-exchange/app/internal/domains/message/adapters/primary/web/server.go:166.2,166.69 1 0
github.com/Anthony-Bible/password-exchange/app/internal/domains/message/adapters/primary/web/server.go:170.35,175.2 3 0
github.com/Anthony-Bible/password-exchange/app/internal/domains/message/adapters/primary/web/server.go:178.45,180.2 1 0
github.com/Anthony-Bible/password-exchange/app/internal/domains/message/adapters/secondary/crypto/file_encryption.go:60.97,62.2 1 1
github.com/Anthony-Bible/password-exchange/app/internal/domains/message/adapters/secondary/crypto/file_encryption.go:65.81,66.24 1 1
github.com/Anthony-Bible/password-exchange/app/internal/domains/message/adapters/secondary/crypto/file_encryption.go:66.24,68.3 1 0
github.com/Anthony-Bible/password-exchange/app/internal/domains/message/adapters/secondary/crypto/file_encryption.go:69.2,69.36 1 1
github.com/Anthony-Bible/password-exchange/app/internal/domains/message/adapters/secondary/crypto/file_encryption.go:73.96,74.24 1 1
github.com/Anthony-Bible/password-exchange/app/internal/domains/message/adapters/secondary/crypto/file_encryption.go:74.24,76.3 1 0
github.com/Anthony-Bible/password-exchange/app/internal/domains/message/adapters/secondary/crypto/file_encryption.go:77.2,77.45 1 1
github.com/Anthony-Bible/password-exchange/app/internal/domains/message/adapters/secondary/crypto/file_encryption.go:85.132,87.16 2 1
github.com/Anthony-Bible/password-exchange/app/internal/domains/message/adapters/secondary/crypto/file_encryption.go:87.16,89.3 1 1
github.com/Anthony-Bible/password-exchange/app/internal/domains/message/adapters/secondary/crypto/file_encryption.go:91.2,92.59 2 1
github.com/Anthony-Bible/password-exchange/app/internal/domains/message/adapters/secondary/crypto/file_encryption.go:92.59,94.3 1 0
github.com/Anthony-Bible/password-exchange/app/internal/domains/message/adapters/secondary/crypto/file_encryption.go:96.2,102.19 6 1
github.com/Anthony-Bible/password-exchange/app/internal/domains/message/adapters/secondary/crypto/file_encryption.go:109.132,111.95 2 1
github.com/Anthony-Bible/password-exchange/app/internal/domains/message/adapters/secondary/crypto/file_encryption.go:111.95,113.3 1 1
github.com/Anthony-Bible/password-exchange/app/internal/domains/message/adapters/secondary/crypto/file_encryption.go:114.2,114.31 1 1
github.com/Anthony-Bible/password-exchange/app/internal/domains/message/adapters/secondary/crypto/file_encryption.go:119.145,121.16 2 1
github.com/Anthony-Bible/password-exchange/app/internal/domains/message/adapters/secondary/crypto/file_encryption.go:121.16,123.3 1 0
github.com/Anthony-Bible/password-exchange/app/internal/domains/message/adapters/secondary/crypto/file_encryption.go:125.2,126.23 2 1
github.com/Anthony-Bible/password-exchange/app/internal/domains/message/adapters/secondary/crypto/file_encryption.go:126.23,128.3 1 1
github.com/Anthony-Bible/password-exchange/app/internal/domains/message/adapters/secondary/crypto/file_encryption.go:130.2,133.6 4 1
github.com/Anthony-Bible/password-exchange/app/internal/domains/message/adapters/secondary/crypto/file_encryption.go:133.6,134.35 1 1
github.com/Anthony-Bible/password-exchange/app/internal/domains/message/adapters/secondary/crypto/file_encryption.go:134.35,136.4 1 0
github.com/Anthony-Bible/password-exchange/app/internal/domains/message/adapters/secondary/crypto/file_encryption.go:138.3,140.17 3 1
github.com/Anthony-Bible/password-exchange/app/internal/domains/message/adapters/secondary/crypto/file_encryption.go:140.17,141.40 1 1
github.com/Anthony-Bible/password-exchange/app/internal/domains/message/adapters/secondary/crypto/file_encryption.go:141.40,142.10 1 1
github.com/Anthony-Bible/password-exchange/app/internal/domains/message/adapters/secondary/crypto/file_encryption.go:147.4,147.43 1 0
github.com/Anthony-Bible/password-exchange/app/internal/domains/message/adapters/secondary/crypto/file_encryption.go:147.43,149.5 1 0
github.com/Anthony-Bible/password-exchange/app/internal/domains/message/adapters/secondary/crypto/file_encryption.go:150.4,150.100 1 0
github.com/Anthony-Bible/password-exchange/app/internal/domains/message/adapters/secondary/crypto/file_encryption.go:153.3,155.76 3 1
github.com/Anthony-Bible/password-exchange/app/internal/domains/message/adapters/secondary/crypto/file_encryption.go:155.76,157.4 1 1
github.com/Anthony-Bible/password-exchange/app/internal/domains/message/adapters/secondary/crypto/file_encryption.go:159.3,160.36 2 1
github.com/Anthony-Bible/password-exchange/app/internal/domains/message/adapters/secondary/crypto/file_encryption.go:160.36,162.4 1 0
github.com/Anthony-Bible/password-exchange/app/internal/domains/message/adapters/secondary/crypto/file_encryption.go:164.3,165.58 2 1
github.com/Anthony-Bible/password-exchange/app/internal/domains/message/adapters/secondary/crypto/file_encryption.go:165.58,166.43 1 1
github.com/Anthony-Bible/password-exchange/app/internal/domains/message/adapters/secondary/crypto/file_encryption.go:166.43,168.5 1 0
github.com/Anthony-Bible/password-exchange/app/internal/domains/message/adapters/secondary/crypto/file_encryption.go:169.4,169.91 1 1
github.com/Anthony-Bible/password-exchange/app/internal/domains/message/adapters/secondary/crypto/file_encryption.go:171.3,171.45 1 1
github.com/Anthony-Bible/password-exchange/app/internal/domains/message/adapters/secondary/crypto/file_encryption.go:171.45,178.4 1 0
github.com/Anthony-Bible/password-exchange/app/internal/domains/message/adapters/secondary/crypto/file_encryption.go:180.3,183.17 4 1
github.com/Anthony-Bible/password-exchange/app/internal/domains/message/adapters/secondary/crypto/file_encryption.go:183.17,185.4 1 1
github.com/Anthony-Bible/password-exchange/app/internal/domains/message/adapters/secondary/crypto/file_encryption.go:186.3,187.17 2 1
github.com/Anthony-Bible/password-exchange/app/internal/domains/message/adapters/secondary/crypto/file_encryption.go:187.17,189.4 1 0
github.com/Anthony-Bible/password-exchange/app/internal/domains/message/adapters/secondary/crypto/file_encryption.go:190.3,190.26 1 1
github.com/Anthony-Bible/password-exchange/app/internal/domains/message/adapters/secondary/crypto/file_encryption.go:190.26,192.4 1 0
github.com/Anthony-Bible/password-exchange/app/internal/domains/message/adapters/secondary/crypto/file_encryption.go:195.2,195.36 1 1
github.com/Anthony-Bible/password-exchange/app/internal/domains/message/adapters/secondary/crypto/file_encryption.go:195.36,197.3 1 1
github.com/Anthony-Bible/password-exchange/app/internal/domains/message/adapters/secondary/crypto/file_encryption.go:198.2,198.12 1 1
github.com/Anthony-Bible/password-exchange/app/internal/domains/message/adapters/secondary/crypto/file_encryption.go:202.46,203.27 1 1
github.com/Anthony-Bible/password-exchange/app/internal/domains/message/adapters/secondary/crypto/file_encryption.go:203.27,205.3 1 1
github.com/Anthony-Bible/password-exchange/app/internal/domains/message/adapters/secondary/crypto/file_encryption.go:206.2,207.16 2 1
github.com/Anthony-Bible/password-exchange/app/internal/domains/message/adapters/secondary/crypto/file_encryption.go:207.16,209.3 1 0
github.com/Anthony-Bible/password-exchange/app/internal/domains/message/adapters/secondary/crypto/file_encryption.go:210.2,211.16 2 1
github.com/Anthony-Bible/password-exchange/app/internal/domains/message/adapters/secondary/crypto/file_encryption.go:211.16,213.3 1 0
github.com/Anthony-Bible/password-exchange/app/internal/domains/message/adapters/secondary/crypto/file_encryption.go:214.2,214.17 1 1
github.com/Anthony-Bible/password-exchange/app/internal/domains/message/adapters/secondary/crypto/file_encryption.go:219.49,221.39 2 0
github.com/Anthony-Bible/password-exchange/app/internal/domains/message/adapters/secondary/crypto/file_encryption.go:221.39,222.27 1 0
github.com/Anthony-Bible/password-exchange/app/internal/domains/message/adapters/secondary/crypto/file_encryption.go:222.27,224.4 1 0
github.com/Anthony-Bible/password-exchange/app/internal/domains/message/adapters/secondary/crypto/file_encryption.go:225.3,231.43 3 0
github.com/Anthony-Bible/password-exchange/app/internal/domains/message/adapters/secondary/crypto/file_encryption.go:231.43,233.4 1 0
github.com/Anthony-Bible/password-exchange/app/internal/domains/message/adapters/secondary/crypto/file_encryption.go:234.3,235.17 2 0
github.com/Anthony-Bible/password-exchange/app/internal/domains/message/adapters/secondary/crypto/file_encryption.go:237.2,237.20 1 0
github.com/Anthony-Bible/password-exchange/app/internal/domains/message/adapters/secondary/crypto/file_encryption.go:244.66,250.2 5 1
github.com/Anthony-Bible/password-exchange/app/internal/domains/message/adapters/secondary/grpc_clients/encryption_client.go:22.70,24.16 2 0
github.com/Anthony-Bible/password-exchange/app/internal/domains/message/adapters/secondary/grpc_clients/encryption_client.go:24.16,27.3 2 0
github.com/Anthony-Bible/password-exchange/app/internal/domains/message/adapters/secondary/grpc_clients/encryption_client.go:29.2,33.8 1 0
github.com/Anthony-Bible/password-exchange/app/internal/domains/message/adapters/secondary/grpc_clients/encryption_client.go:37.91,43.16 3 0
github.com/Anthony-Bible/password-exchange/app/internal/domains/message/adapters/secondary/grpc_clients/encryption_client.go:43.16,46.3 2 0
github.com/Anthony-Bible/password-exchange/app/internal/domains/message/adapters/secondary/grpc_clients/encryption_client.go:48.2,49.39 2 0
github.com/Anthony-Bible/password-exchange/app/internal/domains/message/adapters/secondary/grpc_clients/encryption_client.go:53.107,60.16 3 0
github.com/Anthony-Bible/password-exchange/app/internal/domains/message/adapters/secondary/grpc_clients/encryption_client.go:60.16,63.3 2 0
github.com/Anthony-Bible/password-exchange/app/internal/domains/message/adapters/secondary/grpc_clients/encryption_client.go:65.2,69.34 2 0
github.com/Anthony-Bible/password-exchange/app/internal/domains/message/adapters/secondary/grpc_clients/encryption_client.go:73.108,80.16 3 0
github.com/Anthony-Bible/password-exchange/app/internal/domains/message/adapters/secondary/grpc_clients/encryption_client.go:80.16,83.3 2 0
github.com/Anthony-Bible/password-exchange/app/internal/domains/message/adapters/secondary/grpc_clients/encryption_client.go:85.2,89.33 2 0
github.com/Anthony-Bible/password-exchange/app/internal/domains/message/adapters/secondary/grpc_clients/encryption_client.go:93.76,101.16 3 0
github.com/Anthony-Bible/password-exchange/app/internal/domains/message/adapters/secondary/grpc_clients/encryption_client.go:101.16,104.3 2 0
github.com/Anthony-Bible/password-exchange/app/internal/domains/message/adapters/secondary/grpc_clients/encryption_client.go:107.2,109.16 3 0
github.com/Anthony-Bible/password-exchange/app/internal/domains/message/adapters/secondary/grpc_clients/encryption_client.go:116.67,118.2 1 0
github.com/Anthony-Bible/password-exchange/app/internal/domains/message/adapters/secondary/grpc_clients/encryption_client.go:121.42,122.19 1 0
github.com/Anthony-Bible/password-exchange/app/internal/domains/message/adapters/secondary/grpc_clients/encryption_client.go:122.19,124.3 1 0
github.com/Anthony-Bible/password-exchange/app/internal/domains/message/adapters/secondary/grpc_clients/encryption_client.go:125.2,125.12 1 0
github.com/Anthony-Bible/password-exchange/app/internal/domains/message/adapters/secondary/grpc_clients/health.go:13.108,15.16 2 0
github.com/Anthony-Bible/password-exchange/app/internal/domains/message/adapters/secondary/grpc_clients/health.go:15.16,17.3 1 0
github.com/Anthony-Bible/password-exchange/app/internal/domains/message/adapters/secondary/grpc_clients/health.go:18.2,18.68 1 0
github.com/Anthony-Bible/password-exchange/app/internal/domains/message/adapters/secondary/grpc_clients/health.go:18.68,20.3 1 0
github.com/Anthony-Bible/password-exchange/app/internal/domains/message/adapters/secondary/grpc_clients/health.go:21.2,21.12 1 0
github.com/Anthony-Bible/password-exchange/app/internal/domains/message/adapters/secondary/grpc_clients/storage_client.go:23.64,25.16 2 0
github.com/Anthony-Bible/password-exchange/app/internal/domains/message/adapters/secondary/grpc_clients/storage_client.go:25.16,28.3 2 0
github.com/Anthony-Bible/password-exchange/app/internal/domains/message/adapters/secondary/grpc_clients/storage_client.go:30.2,34.8 1 0
github.com/Anthony-Bible/password-exchange/app/internal/domains/message/adapters/secondary/grpc_clients/storage_client.go:38.99,46.26 2 0
github.com/Anthony-Bible/password-exchange/app/internal/domains/message/adapters/secondary/grpc_clients/storage_client.go:46.26,48.3 1 0
github.com/Anthony-Bible/password-exchange/app/internal/domains/message/adapters/secondary/grpc_clients/storage_client.go:50.2,51.16 2 0
github.com/Anthony-Bible/password-exchange/app/internal/domains/message/adapters/secondary/grpc_clients/storage_client.go:51.16,54.3 2 0
github.com/Anthony-Bible/password-exchange/app/internal/domains/message/adapters/secondary/grpc_clients/storage_client.go:56.2,57.12 2 0
github.com/Anthony-Bible/password-exchange/app/internal/domains/message/adapters/secondary/grpc_clients/storage_client.go:61.42,62.13 1 0
github.com/Anthony-Bible/password-exchange/app/internal/domains/message/adapters/secondary/grpc_clients/storage_client.go:62.13,64.3 1 0
github.com/Anthony-Bible/password-exchange/app/internal/domains/message/adapters/secondary/grpc_clients/storage_client.go:65.2,66.16 2 0
github.com/Anthony-Bible/password-exchange/app/internal/domains/message/adapters/secondary/grpc_clients/storage_client.go:66.16,72.3 2 0
github.com/Anthony-Bible/password-exchange/app/internal/domains/message/adapters/secondary/grpc_clients/storage_client.go:73.2,73.11 1 0
github.com/Anthony-Bible/password-exchange/app/internal/domains/message/adapters/secondary/grpc_clients/storage_client.go:80.43,86.16 3 0
github.com/Anthony-Bible/password-exchange/app/internal/domains/message/adapters/secondary/grpc_clients/storage_client.go:86.16,89.3 2 0
github.com/Anthony-Bible/password-exchange/app/internal/domains/message/adapters/secondary/grpc_clients/storage_client.go:91.2,107.22 4 0
github.com/Anthony-Bible/password-exchange/app/internal/domains/message/adapters/secondary/grpc_clients/storage_client.go:114.43,120.16 3 0
github.com/Anthony-Bible/password-exchange/app/internal/domains/message/adapters/secondary/grpc_clients/storage_client.go:120.16,126.3 2 0
github.com/Anthony-Bible/password-exchange/app/internal/domains/message/adapters/secondary/grpc_clients/storage_client.go:128.2,144.22 4 0
github.com/Anthony-Bible/password-exchange/app/internal/domains/message/adapters/secondary/grpc_clients/storage_client.go:151.64,153.2 1 0
github.com/Anthony-Bible/password-exchange/app/internal/domains/message/adapters/secondary/grpc_clients/storage_client.go:159.73,161.2 1 0
github.com/Anthony-Bible/password-exchange/app/internal/domains/message/adapters/secondary/grpc_clients/storage_client.go:164.39,165.19 1 0
github.com/Anthony-Bible/password-exchange/app/internal/domains/message/adapters/secondary/grpc_clients/storage_client.go:165.19,167.3 1 0
github.com/Anthony-Bible/password-exchange/app/internal/domains/message/adapters/secondary/grpc_clients/storage_client.go:168.2,168.12 1 0
github.com/Anthony-Bible/password-exchange/app/internal/domains/message/adapters/secondary/grpc_clients/upload_state.go:29.89,31.2 1 1
github.com/Anthony-Bible/password-exchange/app/internal/domains/message/adapters/secondary/grpc_clients/upload_state.go:35.86,37.37 2 1
github.com/Anthony-Bible/password-exchange/app/internal/domains/message/adapters/secondary/grpc_clients/upload_state.go:37.37,42.3 1 0
github.com/Anthony-Bible/password-exchange/app/internal/domains/message/adapters/secondary/grpc_clients/upload_state.go:43.2,57.3 1 1
github.com/Anthony-Bible/password-exchange/app/internal/domains/message/adapters/secondary/grpc_clients/upload_state.go:62.96,63.14 1 1
github.com/Anthony-Bible/password-exchange/app/internal/domains/message/adapters/secondary/grpc_clients/upload_state.go:63.14,65.3 1 0
github.com/Anthony-Bible/password-exchange/app/internal/domains/message/adapters/secondary/grpc_clients/upload_state.go:67.2,68.16 2 1
github.com/Anthony-Bible/password-exchange/app/internal/domains/message/adapters/secondary/grpc_clients/upload_state.go:68.16,70.3 1 0
github.com/Anthony-Bible/password-exchange/app/internal/domains/message/adapters/secondary/grpc_clients/upload_state.go:71.2,72.16 2 1
github.com/Anthony-Bible/password-exchange/app/internal/domains/message/adapters/secondary/grpc_clients/upload_state.go:72.16,74.3 1 0
github.com/Anthony-Bible/password-exchange/app/internal/domains/message/adapters/secondary/grpc_clients/upload_state.go:76.2,77.43 2 1
github.com/Anthony-Bible/password-exchange/app/internal/domains/message/adapters/secondary/grpc_clients/upload_state.go:77.43,82.3 1 1
github.com/Anthony-Bible/password-exchange/app/internal/domains/message/adapters/secondary/grpc_clients/upload_state.go:84.2,98.8 1 1
github.com/Anthony-Bible/password-exchange/app/internal/domains/message/adapters/secondary/grpc_clients/upload_state.go:103.61,104.13 1 1
github.com/Anthony-Bible/password-exchange/app/internal/domains/message/adapters/secondary/grpc_clients/upload_state.go:104.13,106.3 1 0
github.com/Anthony-Bible/password-exchange/app/internal/domains/message/adapters/secondary/grpc_clients/upload_state.go:107.2,108.16 2 1
github.com/Anthony-Bible/password-exchange/app/internal/domains/message/adapters/secondary/grpc_clients/upload_state.go:108.16,110.3 1 0
github.com/Anthony-Bible/password-exchange/app/internal/domains/message/adapters/secondary/grpc_clients/upload_state.go:111.2,111.15 1 1
github.com/Anthony-Bible/password-exchange/app/internal/domains/message/adapters/secondary/grpc_clients/upload_state.go:116.45,117.16 1 1
github.com/Anthony-Bible/password-exchange/app/internal/domains/message/adapters/secondary/grpc_clients/upload_state.go:117.16,119.3 1 0
github.com/Anthony-Bible/password-exchange/app/internal/domains/message/adapters/secondary/grpc_clients/upload_state.go:120.2,121.9 2 1
github.com/Anthony-Bible/password-exchange/app/internal/domains/message/adapters/secondary/grpc_clients/upload_state.go:121.9,123.3 1 0
github.com/Anthony-Bible/password-exchange/app/internal/domains/message/adapters/secondary/grpc_clients/upload_state.go:124.2,124.19 1 1
github.com/Anthony-Bible/password-exchange/app/internal/domains/message/adapters/secondary/grpc_clients/upload_state.go:125.22,126.41 1 1
github.com/Anthony-Bible/password-exchange/app/internal/domains/message/adapters/secondary/grpc_clients/upload_state.go:127.27,128.46 1 1
github.com/Anthony-Bible/password-exchange/app/internal/domains/message/adapters/secondary/grpc_clients/upload_state.go:130.2,130.12 1 0
github.com/Anthony-Bible/password-exchange/app/internal/domains/message/adapters/secondary/grpc_clients/upload_state.go:134.112,138.16 2 1
github.com/Anthony-Bible/password-exchange/app/internal/domains/message/adapters/secondary/grpc_clients/upload_state.go:138.16,140.3 1 1
github.com/Anthony-Bible/password-exchange/app/internal/domains/message/adapters/secondary/grpc_clients/upload_state.go:141.2,141.12 1 1
github.com/Anthony-Bible/password-exchange/app/internal/domains/message/adapters/secondary/grpc_clients/upload_state.go:145.126,149.16 2 1
github.com/Anthony-Bible/password-exchange/app/internal/domains/message/adapters/secondary/grpc_clients/upload_state.go:149.16,151.3 1 1
github.com/Anthony-Bible/password-exchange/app/internal/domains/message/adapters/secondary/grpc_clients/upload_state.go:152.2,152.30 1 1
github.com/Anthony-Bible/password-exchange/app/internal/domains/message/adapters/secondary/grpc_clients/upload_state.go:152.30,154.3 1 0
github.com/Anthony-Bible/password-exchange/app/internal/domains/message/adapters/secondary/grpc_clients/upload_state.go:155.2,156.16 2 1
github.com/Anthony-Bible/password-exchange/app/internal/domains/message/adapters/secondary/grpc_clients/upload_state.go:156.16,158.3 1 0
github.com/Anthony-Bible/password-exchange/app/internal/domains/message/adapters/secondary/grpc_clients/upload_state.go:159.2,159.18 1 1
github.com/Anthony-Bible/password-exchange/app/internal/domains/message/adapters/secondary/grpc_clients/upload_state.go:163.127,167.16 2 1
github.com/Anthony-Bible/password-exchange/app/internal/domains/message/adapters/secondary/grpc_clients/upload_state.go:167.16,169.3 1 0
github.com/Anthony-Bible/password-exchange/app/internal/domains/message/adapters/secondary/grpc_clients/upload_state.go:170.2,170.30 1 1
github.com/Anthony-Bible/password-exchange/app/internal/domains/message/adapters/secondary/grpc_clients/upload_state.go:170.30,172.3 1 0
github.com/Anthony-Bible/password-exchange/app/internal/domains/message/adapters/secondary/grpc_clients/upload_state.go:173.2,174.16 2 1
github.com/Anthony-Bible/password-exchange/app/internal/domains/message/adapters/secondary/grpc_clients/upload_state.go:174.16,176.3 1 0
github.com/Anthony-Bible/password-exchange/app/internal/domains/message/adapters/secondary/grpc_clients/upload_state.go:177.2,177.18 1 1
github.com/Anthony-Bible/password-exchange/app/internal/domains/message/adapters/secondary/grpc_clients/upload_state.go:182.155,183.61 1 1
github.com/Anthony-Bible/password-exchange/app/internal/domains/message/adapters/secondary/grpc_clients/upload_state.go:183.61,185.3 1 0
github.com/Anthony-Bible/password-exchange/app/internal/domains/message/adapters/secondary/grpc_clients/upload_state.go:186.2,195.16 3 1
github.com/Anthony-Bible/password-exchange/app/internal/domains/message/adapters/secondary/grpc_clients/upload_state.go:195.16,197.3 1 0
github.com/Anthony-Bible/password-exchange/app/internal/domains/message/adapters/secondary/grpc_clients/upload_state.go:199.2,200.16 2 1
github.com/Anthony-Bible/password-exchange/app/internal/domains/message/adapters/secondary/grpc_clients/upload_state.go:200.16,202.3 1 0
github.com/Anthony-Bible/password-exchange/app/internal/domains/message/adapters/secondary/grpc_clients/upload_state.go:203.2,203.33 1 1
github.com/Anthony-Bible/password-exchange/app/internal/domains/message/adapters/secondary/grpc_clients/upload_state.go:208.95,212.16 2 1
github.com/Anthony-Bible/password-exchange/app/internal/domains/message/adapters/secondary/grpc_clients/upload_state.go:212.16,214.3 1 1
github.com/Anthony-Bible/password-exchange/app/internal/domains/message/adapters/secondary/grpc_clients/upload_state.go:215.2,215.12 1 1
github.com/Anthony-Bible/password-exchange/app/internal/domains/message/adapters/secondary/grpc_clients/upload_state.go:219.93,223.16 2 1
github.com/Anthony-Bible/password-exchange/app/internal/domains/message/adapters/secondary/grpc_clients/upload_state.go:223.16,225.3 1 0
github.com/Anthony-Bible/password-exchange/app/internal/domains/message/adapters/secondary/grpc_clients/upload_state.go:226.2,226.12 1 1
github.com/Anthony-Bible/password-exchange/app/internal/domains/message/adapters/secondary/grpc_clients/upload_state.go:231.132,235.16 2 1
github.com/Anthony-Bible/password-exchange/app/internal/domains/message/adapters/secondary/grpc_clients/upload_state.go:235.16,237.3 1 0
github.com/Anthony-Bible/password-exchange/app/internal/domains/message/adapters/secondary/grpc_clients/upload_state.go:239.2,240.46 2 1
github.com/Anthony-Bible/password-exchange/app/internal/domains/message/adapters/secondary/grpc_clients/upload_state.go:240.46,242.17 2 1
github.com/Anthony-Bible/password-exchange/app/internal/domains/message/adapters/secondary/grpc_clients/upload_state.go:242.17,244.4 1 0
github.com/Anthony-Bible/password-exchange/app/internal/domains/message/adapters/secondary/grpc_clients/upload_state.go:245.3,245.35 1 1
github.com/Anthony-Bible/password-exchange/app/internal/domains/message/adapters/secondary/grpc_clients/upload_state.go:247.2,247.21 1 1
github.com/Anthony-Bible/password-exchange/app/internal/domains/message/adapters/secondary/memory/upload_state.go:24.62,28.2 1 1
github.com/Anthony-Bible/password-exchange/app/internal/domains/message/adapters/secondary/memory/upload_state.go:31.112,36.2 4 1
github.com/Anthony-Bible/password-exchange/app/internal/domains/message/adapters/secondary/memory/upload_state.go:39.126,43.9 4 1
github.com/Anthony-Bible/password-exchange/app/internal/domains/message/adapters/secondary/memory/upload_state.go:43.9,45.3 1 1
github.com/Anthony-Bible/password-exchange/app/internal/domains/message/adapters/secondary/memory/upload_state.go:46.2,47.21 2 1
github.com/Anthony-Bible/password-exchange/app/internal/domains/message/adapters/secondary/memory/upload_state.go:51.127,55.9 4 1
github.com/Anthony-Bible/password-exchange/app/internal/domains/message/adapters/secondary/memory/upload_state.go:55.9,57.3 1 1
github.com/Anthony-Bible/password-exchange/app/internal/domains/message/adapters/secondary/memory/upload_state.go:58.2,59.21 2 1
github.com/Anthony-Bible/password-exchange/app/internal/domains/message/adapters/secondary/memory/upload_state.go:65.155,70.9 4 0
github.com/Anthony-Bible/password-exchange/app/internal/domains/message/adapters/secondary/memory/upload_state.go:70.9,72.3 1 0
github.com/Anthony-Bible/password-exchange/app/internal/domains/message/adapters/secondary/memory/upload_state.go:76.2,77.50 2 0
github.com/Anthony-Bible/password-exchange/app/internal/domains/message/adapters/secondary/memory/upload_state.go:77.50,78.45 1 0
github.com/Anthony-Bible/password-exchange/app/internal/domains/message/adapters/secondary/memory/upload_state.go:78.45,81.9 3 0
github.com/Anthony-Bible/password-exchange/app/internal/domains/message/adapters/secondary/memory/upload_state.go:84.2,84.15 1 0
github.com/Anthony-Bible/password-exchange/app/internal/domains/message/adapters/secondary/memory/upload_state.go:84.15,86.3 1 0
github.com/Anthony-Bible/password-exchange/app/internal/domains/message/adapters/secondary/memory/upload_state.go:87.2,88.79 2 0
github.com/Anthony-Bible/password-exchange/app/internal/domains/message/adapters/secondary/memory/upload_state.go:95.95,100.9 4 1
github.com/Anthony-Bible/password-exchange/app/internal/domains/message/adapters/secondary/memory/upload_state.go:100.9,102.3 1 0
github.com/Anthony-Bible/password-exchange/app/internal/domains/message/adapters/secondary/memory/upload_state.go:104.2,107.12 4 1
github.com/Anthony-Bible/password-exchange/app/internal/domains/message/adapters/secondary/memory/upload_state.go:111.93,116.9 4 1
github.com/Anthony-Bible/password-exchange/app/internal/domains/message/adapters/secondary/memory/upload_state.go:116.9,120.3 2 0
github.com/Anthony-Bible/password-exchange/app/internal/domains/message/adapters/secondary/memory/upload_state.go:122.2,123.26 2 1
github.com/Anthony-Bible/password-exchange/app/internal/domains/message/adapters/secondary/memory/upload_state.go:123.26,125.3 1 1
github.com/Anthony-Bible/password-exchange/app/internal/domains/message/adapters/secondary/memory/upload_state.go:126.2,126.12 1 1
github.com/Anthony-Bible/password-exchange/app/internal/domains/message/adapters/secondary/memory/upload_state.go:133.132,141.37 5 1
github.com/Anthony-Bible/password-exchange/app/internal/domains/message/adapters/secondary/memory/upload_state.go:141.37,142.30 1 1
github.com/Anthony-Bible/password-exchange/app/internal/domains/message/adapters/secondary/memory/upload_state.go:142.30,143.12 1 1
github.com/Anthony-Bible/password-exchange/app/internal/domains/message/adapters/secondary/memory/upload_state.go:145.3,147.61 2 1
github.com/Anthony-Bible/password-exchange/app/internal/domains/message/adapters/secondary/memory/upload_state.go:147.61,148.12 1 1
github.com/Anthony-Bible/password-exchange/app/internal/domains/message/adapters/secondary/memory/upload_state.go:150.3,150.38 1 1
github.com/Anthony-Bible/password-exchange/app/internal/domains/message/adapters/secondary/memory/upload_state.go:150.38,151.12 1 1
github.com/Anthony-Bible/password-exchange/app/internal/domains/message/adapters/secondary/memory/upload_state.go:154.3,155.27 2 1
github.com/Anthony-Bible/password-exchange/app/internal/domains/message/adapters/secondary/memory/upload_state.go:155.27,157.4 1 1
github.com/Anthony-Bible/password-exchange/app/internal/domains/message/adapters/secondary/memory/upload_state.go:158.3,158.51 1 1
github.com/Anthony-Bible/password-exchange/app/internal/domains/message/adapters/secondary/memory/upload_state.go:161.2,161.21 1 1
github.com/Anthony-Bible/password-exchange/app/internal/domains/message/adapters/secondary/memory/upload_state.go:166.92,169.26 3 1
github.com/Anthony-Bible/password-exchange/app/internal/domains/message/adapters/secondary/memory/upload_state.go:169.26,171.3 1 1
github.com/Anthony-Bible/password-exchange/app/internal/domains/message/adapters/secondary/memory/upload_state.go:174.84,178.2 3 1
github.com/Anthony-Bible/password-exchange/app/internal/domains/message/domain/file_service.go:34.16,42.2 1 1
github.com/Anthony-Bible/password-exchange/app/internal/domains/message/domain/file_service.go:45.119,46.46 1 1
github.com/Anthony-Bible/password-exchange/app/internal/domains/message/domain/file_service.go:46.46,48.3 1 0
github.com/Anthony-Bible/password-exchange/app/internal/domains/message/domain/file_service.go:49.2,49.35 1 1
github.com/Anthony-Bible/password-exchange/app/internal/domains/message/domain/file_service.go:49.35,51.3 1 1
github.com/Anthony-Bible/password-exchange/app/internal/domains/message/domain/file_service.go:53.2,54.16 2 1
github.com/Anthony-Bible/password-exchange/app/internal/domains/message/domain/file_service.go:54.16,56.3 1 0
github.com/Anthony-Bible/password-exchange/app/internal/domains/message/domain/file_service.go:58.2,59.16 2 1
github.com/Anthony-Bible/password-exchange/app/internal/domains/message/domain/file_service.go:59.16,61.3 1 0
github.com/Anthony-Bible/password-exchange/app/internal/domains/message/domain/file_service.go:63.2,64.16 2 1
github.com/Anthony-Bible/password-exchange/app/internal/domains/message/domain/file_service.go:64.16,66.3 1 0
github.com/Anthony-Bible/password-exchange/app/internal/domains/message/domain/file_service.go:68.2,69.16 2 1
github.com/Anthony-Bible/password-exchange/app/internal/domains/message/domain/file_service.go:69.16,71.3 1 0
github.com/Anthony-Bible/password-exchange/app/internal/domains/message/domain/file_service.go:73.2,90.66 4 1
github.com/Anthony-Bible/password-exchange/app/internal/domains/message/domain/file_service.go:90.66,98.3 4 0
github.com/Anthony-Bible/password-exchange/app/internal/domains/message/domain/file_service.go:100.2,100.105 1 1
github.com/Anthony-Bible/password-exchange/app/internal/domains/message/domain/file_service.go:104.110,105.50 1 1
github.com/Anthony-Bible/password-exchange/app/internal/domains/message/domain/file_service.go:105.50,107.3 1 0
github.com/Anthony-Bible/password-exchange/app/internal/domains/message/domain/file_service.go:109.2,110.16 2 1
github.com/Anthony-Bible/password-exchange/app/internal/domains/message/domain/file_service.go:110.16,111.47 1 1
github.com/Anthony-Bible/password-exchange/app/internal/domains/message/domain/file_service.go:111.47,113.4 1 1
github.com/Anthony-Bible/password-exchange/app/internal/domains/message/domain/file_service.go:114.3,114.58 1 0
github.com/Anthony-Bible/password-exchange/app/internal/domains/message/domain/file_service.go:116.2,116.52 1 1
github.com/Anthony-Bible/password-exchange/app/internal/domains/message/domain/file_service.go:116.52,118.3 1 0
github.com/Anthony-Bible/password-exchange/app/internal/domains/message/domain/file_service.go:119.2,119.53 1 1
github.com/Anthony-Bible/password-exchange/app/internal/domains/message/domain/file_service.go:119.53,121.3 1 0
github.com/Anthony-Bible/password-exchange/app/internal/domains/message/domain/file_service.go:122.2,122.51 1 1
github.com/Anthony-Bible/password-exchange/app/internal/domains/message/domain/file_service.go:122.51,124.3 1 0
github.com/Anthony-Bible/password-exchange/app/internal/domains/message/domain/file_service.go:125.2,125.41 1 1
github.com/Anthony-Bible/password-exchange/app/internal/domains/message/domain/file_service.go:125.41,127.3 1 1
github.com/Anthony-Bible/password-exchange/app/internal/domains/message/domain/file_service.go:128.2,128.71 1 1
github.com/Anthony-Bible/password-exchange/app/internal/domains/message/domain/file_service.go:128.71,130.3 1 0
github.com/Anthony-Bible/password-exchange/app/internal/domains/message/domain/file_service.go:132.2,138.16 3 1
github.com/Anthony-Bible/password-exchange/app/internal/domains/message/domain/file_service.go:138.16,140.3 1 0
github.com/Anthony-Bible/password-exchange/app/internal/domains/message/domain/file_service.go:142.2,143.16 2 1
github.com/Anthony-Bible/password-exchange/app/internal/domains/message/domain/file_service.go:143.16,145.3 1 0
github.com/Anthony-Bible/password-exchange/app/internal/domains/message/domain/file_service.go:147.2,149.16 3 1
github.com/Anthony-Bible/password-exchange/app/internal/domains/message/domain/file_service.go:149.16,151.3 1 0
github.com/Anthony-Bible/password-exchange/app/internal/domains/message/domain/file_service.go:153.2,153.40 1 1
github.com/Anthony-Bible/password-exchange/app/internal/domains/message/domain/file_service.go:153.40,155.3 1 1
github.com/Anthony-Bible/password-exchange/app/internal/domains/message/domain/file_service.go:156.2,157.10 2 1
github.com/Anthony-Bible/password-exchange/app/internal/domains/message/domain/file_service.go:157.10,160.111 1 1
github.com/Anthony-Bible/password-exchange/app/internal/domains/message/domain/file_service.go:160.111,162.4 1 0
github.com/Anthony-Bible/password-exchange/app/internal/domains/message/domain/file_service.go:163.3,163.75 1 1
github.com/Anthony-Bible/password-exchange/app/internal/domains/message/domain/file_service.go:163.75,165.4 1 0
github.com/Anthony-Bible/password-exchange/app/internal/domains/message/domain/file_service.go:168.2,168.94 1 1
github.com/Anthony-Bible/password-exchange/app/internal/domains/message/domain/file_service.go:172.113,174.16 2 1
github.com/Anthony-Bible/password-exchange/app/internal/domains/message/domain/file_service.go:174.16,175.47 1 0
github.com/Anthony-Bible/password-exchange/app/internal/domains/message/domain/file_service.go:175.47,177.4 1 0
github.com/Anthony-Bible/password-exchange/app/internal/domains/message/domain/file_service.go:178.3,178.58 1 0
github.com/Anthony-Bible/password-exchange/app/internal/domains/message/domain/file_service.go:180.2,180.20 1 1
github.com/Anthony-Bible/password-exchange/app/internal/domains/message/domain/file_service.go:180.20,182.3 1 0
github.com/Anthony-Bible/password-exchange/app/internal/domains/message/domain/file_service.go:184.2,185.16 2 1
github.com/Anthony-Bible/password-exchange/app/internal/domains/message/domain/file_service.go:185.16,187.3 1 0
github.com/Anthony-Bible/password-exchange/app/internal/domains/message/domain/file_service.go:189.2,189.54 1 1
github.com/Anthony-Bible/password-exchange/app/internal/domains/message/domain/file_service.go:189.54,191.30 2 0
github.com/Anthony-Bible/password-exchange/app/internal/domains/message/domain/file_service.go:191.30,194.4 2 0
github.com/Anthony-Bible/password-exchange/app/internal/domains/message/domain/file_service.go:195.8,195.30 1 1
github.com/Anthony-Bible/password-exchange/app/internal/domains/message/domain/file_service.go:195.30,197.22 2 1
github.com/Anthony-Bible/password-exchange/app/internal/domains/message/domain/file_service.go:197.22,199.4 1 0
github.com/Anthony-Bible/password-exchange/app/internal/domains/message/domain/file_service.go:200.3,201.30 2 1
github.com/Anthony-Bible/password-exchange/app/internal/domains/message/domain/file_service.go:201.30,204.4 2 0
github.com/Anthony-Bible/password-exchange/app/internal/domains/message/domain/file_service.go:215.2,216.27 2 1
github.com/Anthony-Bible/password-exchange/app/internal/domains/message/domain/file_service.go:216.27,218.3 1 0
github.com/Anthony-Bible/password-exchange/app/internal/domains/message/domain/file_service.go:218.8,218.30 1 1
github.com/Anthony-Bible/password-exchange/app/internal/domains/message/domain/file_service.go:218.30,220.3 1 1
github.com/Anthony-Bible/password-exchange/app/internal/domains/message/domain/file_service.go:222.2,225.12 4 1
github.com/Anthony-Bible/password-exchange/app/internal/domains/message/domain/file_service.go:225.12,227.16 2 1
github.com/Anthony-Bible/password-exchange/app/internal/domains/message/domain/file_service.go:227.16,227.38 1 1
github.com/Anthony-Bible/password-exchange/app/internal/domains/message/domain/file_service.go:228.3,228.112 1 1
github.com/Anthony-Bible/password-exchange/app/internal/domains/message/domain/file_service.go:228.112,230.57 1 0
github.com/Anthony-Bible/password-exchange/app/internal/domains/message/domain/file_service.go:230.57,232.5 1 0
github.com/Anthony-Bible/password-exchange/app/internal/domains/message/domain/file_service.go:232.10,234.5 1 0
github.com/Anthony-Bible/password-exchange/app/internal/domains/message/domain/file_service.go:235.4,235.10 1 0
github.com/Anthony-Bible/password-exchange/app/internal/domains/message/domain/file_service.go:237.3,237.30 1 1
github.com/Anthony-Bible/password-exchange/app/internal/domains/message/domain/file_service.go:243.2,243.12 1 1
github.com/Anthony-Bible/password-exchange/app/internal/domains/message/domain/file_service.go:243.12,244.10 1 1
github.com/Anthony-Bible/password-exchange/app/internal/domains/message/domain/file_service.go:245.21,246.49 1 0
github.com/Anthony-Bible/password-exchange/app/internal/domains/message/domain/file_service.go:247.15,247.15 0 1
github.com/Anthony-Bible/password-exchange/app/internal/domains/message/domain/file_service.go:251.2,255.8 1 1
github.com/Anthony-Bible/password-exchange/app/internal/domains/message/domain/file_service.go:259.80,261.16 2 1
github.com/Anthony-Bible/password-exchange/app/internal/domains/message/domain/file_service.go:261.16,262.47 1 0
github.com/Anthony-Bible/password-exchange/app/internal/domains/message/domain/file_service.go:262.47,264.4 1 0
github.com/Anthony-Bible/password-exchange/app/internal/domains/message/domain/file_service.go:265.3,265.53 1 0
github.com/Anthony-Bible/password-exchange/app/internal/domains/message/domain/file_service.go:267.2,267.20 1 1
github.com/Anthony-Bible/password-exchange/app/internal/domains/message/domain/file_service.go:267.20,269.3 1 0
github.com/Anthony-Bible/password-exchange/app/internal/domains/message/domain/file_service.go:271.2,271.100 1 1
github.com/Anthony-Bible/password-exchange/app/internal/domains/message/domain/file_service.go:271.100,273.3 1 1
github.com/Anthony-Bible/password-exchange/app/internal/domains/message/domain/file_service.go:275.2,275.68 1 1
github.com/Anthony-Bible/password-exchange/app/internal/domains/message/domain/file_service.go:275.68,277.3 1 0
github.com/Anthony-Bible/password-exchange/app/internal/domains/message/domain/file_service.go:279.2,279.12 1 1
github.com/Anthony-Bible/password-exchange/app/internal/domains/message/domain/file_service.go:284.73,286.16 2 1
github.com/Anthony-Bible/password-exchange/app/internal/domains/message/domain/file_service.go:286.16,288.3 1 1
github.com/Anthony-Bible/password-exchange/app/internal/domains/message/domain/file_service.go:290.2,290.34 1 1
github.com/Anthony-Bible/password-exchange/app/internal/domains/message/domain/file_service.go:290.34,291.29 1 1
github.com/Anthony-Bible/password-exchange/app/internal/domains/message/domain/file_service.go:291.29,292.12 1 0
github.com/Anthony-Bible/password-exchange/app/internal/domains/message/domain/file_service.go:297.3,297.82 1 1
github.com/Anthony-Bible/password-exchange/app/internal/domains/message/domain/file_service.go:300.2,300.12 1 1
github.com/Anthony-Bible/password-exchange/app/internal/domains/message/domain/file_service.go:304.86,308.6 3 0
github.com/Anthony-Bible/password-exchange/app/internal/domains/message/domain/file_service.go:308.6,309.10 1 0
github.com/Anthony-Bible/password-exchange/app/internal/domains/message/domain/file_service.go:310.21,311.10 1 0
github.com/Anthony-Bible/password-exchange/app/internal/domains/message/domain/file_service.go:312.19,313.56 1 0
github.com/Anthony-Bible/password-exchange/app/internal/domains/message/domain/file_service.go:313.56,315.5 1 0
github.com/Anthony-Bible/password-exchange/app/internal/domains/message/domain/file_service.go:323.77,324.30 1 1
github.com/Anthony-Bible/password-exchange/app/internal/domains/message/domain/file_service.go:324.30,326.3 1 1
github.com/Anthony-Bible/password-exchange/app/internal/domains/message/domain/file_service.go:327.2,328.26 2 1
github.com/Anthony-Bible/password-exchange/app/internal/domains/message/domain/file_service.go:328.26,330.3 1 1
github.com/Anthony-Bible/password-exchange/app/internal/domains/message/domain/file_service.go:331.2,331.36 1 1
github.com/Anthony-Bible/password-exchange/app/internal/domains/message/domain/file_service.go:331.36,332.15 1 1
github.com/Anthony-Bible/password-exchange/app/internal/domains/message/domain/file_service.go:332.15,334.4 1 0
github.com/Anthony-Bible/password-exchange/app/internal/domains/message/domain/file_service.go:336.2,336.13 1 1
github.com/Anthony-Bible/password-exchange/app/internal/domains/message/domain/file_service.go:339.57,340.85 1 1
github.com/Anthony-Bible/password-exchange/app/internal/domains/message/domain/file_service.go:340.85,342.3 1 0
github.com/Anthony-Bible/password-exchange/app/internal/domains/message/domain/file_service.go:343.2,343.12 1 1
github.com/Anthony-Bible/password-exchange/app/internal/domains/message/domain/file_service.go:346.56,347.16 1 1
github.com/Anthony-Bible/password-exchange/app/internal/domains/message/domain/file_service.go:347.16,349.3 1 0
github.com/Anthony-Bible/password-exchange/app/internal/domains/message/domain/file_service.go:350.2,350.44 1 1
github.com/Anthony-Bible/password-exchange/app/internal/domains/message/domain/file_service.go:355.61,356.80 1 1
github.com/Anthony-Bible/password-exchange/app/internal/domains/message/domain/file_service.go:356.80,358.3 1 1
github.com/Anthony-Bible/password-exchange/app/internal/domains/message/domain/file_service.go:359.2,359.69 1 1
github.com/Anthony-Bible/password-exchange/app/internal/domains/message/domain/file_service.go:364.72,366.94 2 1
github.com/Anthony-Bible/password-exchange/app/internal/domains/message/domain/file_service.go:366.94,368.3 1 1
github.com/Anthony-Bible/password-exchange/app/internal/domains/message/domain/file_service.go:369.2,370.39 2 1
github.com/Anthony-Bible/password-exchange/app/internal/domains/message/domain/file_service.go:370.39,372.3 1 1
github.com/Anthony-Bible/password-exchange/app/internal/domains/message/domain/file_service.go:373.2,373.28 1 1
github.com/Anthony-Bible/password-exchange/app/internal/domains/message/domain/message_service.go:39.19,51.2 1 1
github.com/Anthony-Bible/password-exchange/app/internal/domains/message/domain/message_service.go:57.39,63.57 2 1
github.com/Anthony-Bible/password-exchange/app/internal/domains/message/domain/message_service.go:63.57,66.3 2 1
github.com/Anthony-Bible/password-exchange/app/internal/domains/message/domain/message_service.go:69.2,69.26 1 1
github.com/Anthony-Bible/password-exchange/app/internal/domains/message/domain/message_service.go:69.26,70.50 1 1
github.com/Anthony-Bible/password-exchange/app/internal/domains/message/domain/message_service.go:70.50,73.4 2 0
github.com/Anthony-Bible/password-exchange/app/internal/domains/message/domain/message_service.go:76.3,77.45 2 1
github.com/Anthony-Bible/password-exchange/app/internal/domains/message/domain/message_service.go:77.45,78.36 1 0
github.com/Anthony-Bible/password-exchange/app/internal/domains/message/domain/message_service.go:78.36,80.5 1 0
github.com/Anthony-Bible/password-exchange/app/internal/domains/message/domain/message_service.go:83.3,84.17 2 1
github.com/Anthony-Bible/password-exchange/app/internal/domains/message/domain/message_service.go:84.17,87.4 2 0
github.com/Anthony-Bible/password-exchange/app/internal/domains/message/domain/message_service.go:88.3,88.13 1 1
github.com/Anthony-Bible/password-exchange/app/internal/domains/message/domain/message_service.go:88.13,91.4 2 0
github.com/Anthony-Bible/password-exchange/app/internal/domains/message/domain/message_service.go:92.3,92.65 1 1
github.com/Anthony-Bible/password-exchange/app/internal/domains/message/domain/message_service.go:93.8,95.3 1 1
github.com/Anthony-Bible/password-exchange/app/internal/domains/message/domain/message_service.go:97.2,98.16 2 1
github.com/Anthony-Bible/password-exchange/app/internal/domains/message/domain/message_service.go:98.16,101.3 2 0
github.com/Anthony-Bible/password-exchange/app/internal/domains/message/domain/message_service.go:104.2,105.16 2 1
github.com/Anthony-Bible/password-exchange/app/internal/domains/message/domain/message_service.go:105.16,108.3 2 0
github.com/Anthony-Bible/password-exchange/app/internal/domains/message/domain/message_service.go:111.2,112.16 2 1
github.com/Anthony-Bible/password-exchange/app/internal/domains/message/domain/message_service.go:112.16,115.3 2 0
github.com/Anthony-Bible/password-exchange/app/internal/domains/message/domain/message_service.go:118.2,119.45 2 1
github.com/Anthony-Bible/password-exchange/app/internal/domains/message/domain/message_service.go:119.45,121.17 2 0
github.com/Anthony-Bible/password-exchange/app/internal/domains/message/domain/message_service.go:121.17,124.4 2 0
github.com/Anthony-Bible/password-exchange/app/internal/domains/message/domain/message_service.go:128.2,132.23 3 1
github.com/Anthony-Bible/password-exchange/app/internal/domains/message/domain/message_service.go:132.23,134.24 2 1
github.com/Anthony-Bible/password-exchange/app/internal/domains/message/domain/message_service.go:134.24,136.4 1 0
github.com/Anthony-Bible/password-exchange/app/internal/domains/message/domain/message_service.go:140.2,141.29 2 1
github.com/Anthony-Bible/password-exchange/app/internal/domains/message/domain/message_service.go:141.29,143.3 1 1
github.com/Anthony-Bible/password-exchange/app/internal/domains/message/domain/message_service.go:144.2,156.26 3 1
github.com/Anthony-Bible/password-exchange/app/internal/domains/message/domain/message_service.go:156.26,158.3 1 1
github.com/Anthony-Bible/password-exchange/app/internal/domains/message/domain/message_service.go:160.2,161.16 2 1
github.com/Anthony-Bible/password-exchange/app/internal/domains/message/domain/message_service.go:161.16,164.3 2 0
github.com/Anthony-Bible/password-exchange/app/internal/domains/message/domain/message_service.go:167.2,167.73 1 1
github.com/Anthony-Bible/password-exchange/app/internal/domains/message/domain/message_service.go:167.73,177.73 2 1
github.com/Anthony-Bible/password-exchange/app/internal/domains/message/domain/message_service.go:177.73,178.17 1 1
github.com/Anthony-Bible/password-exchange/app/internal/domains/message/domain/message_service.go:178.17,179.49 1 1
github.com/Anthony-Bible/password-exchange/app/internal/domains/message/domain/message_service.go:179.49,184.6 1 0
github.com/Anthony-Bible/password-exchange/app/internal/domains/message/domain/message_service.go:187.4,191.18 4 1
github.com/Anthony-Bible/password-exchange/app/internal/domains/message/domain/message_service.go:191.18,194.5 1 0
github.com/Anthony-Bible/password-exchange/app/internal/domains/message/domain/message_service.go:198.2,207.22 3 1
github.com/Anthony-Bible/password-exchange/app/internal/domains/message/domain/message_service.go:214.38,223.16 4 1
github.com/Anthony-Bible/password-exchange/app/internal/domains/message/domain/message_service.go:223.16,226.3 2 0
github.com/Anthony-Bible/password-exchange/app/internal/domains/message/domain/message_service.go:229.2,229.37 1 1
github.com/Anthony-Bible/password-exchange/app/internal/domains/message/domain/message_service.go:229.37,231.17 2 0
github.com/Anthony-Bible/password-exchange/app/internal/domains/message/domain/message_service.go:231.17,234.4 2 0
github.com/Anthony-Bible/password-exchange/app/internal/domains/message/domain/message_service.go:235.3,235.13 1 0
github.com/Anthony-Bible/password-exchange/app/internal/domains/message/domain/message_service.go:235.13,238.4 2 0
github.com/Anthony-Bible/password-exchange/app/internal/domains/message/domain/message_service.go:242.2,243.16 2 1
github.com/Anthony-Bible/password-exchange/app/internal/domains/message/domain/message_service.go:243.16,246.3 2 0
github.com/Anthony-Bible/password-exchange/app/internal/domains/message/domain/message_service.go:249.2,254.16 2 1
github.com/Anthony-Bible/password-exchange/app/internal/domains/message/domain/message_service.go:254.16,257.3 2 0
github.com/Anthony-Bible/password-exchange/app/internal/domains/message/domain/message_service.go:260.2,261.31 2 1
github.com/Anthony-Bible/password-exchange/app/internal/domains/message/domain/message_service.go:261.31,263.17 2 1
github.com/Anthony-Bible/password-exchange/app/internal/domains/message/domain/message_service.go:263.17,266.4 2 0
github.com/Anthony-Bible/password-exchange/app/internal/domains/message/domain/message_service.go:267.3,267.38 1 1
github.com/Anthony-Bible/password-exchange/app/internal/domains/message/domain/message_service.go:270.2,283.22 3 1
github.com/Anthony-Bible/password-exchange/app/internal/domains/message/domain/message_service.go:287.112,295.16 4 0
github.com/Anthony-Bible/password-exchange/app/internal/domains/message/domain/message_service.go:295.16,298.3 2 0
github.com/Anthony-Bible/password-exchange/app/internal/domains/message/domain/message_service.go:300.2,311.24 3 0
github.com/Anthony-Bible/password-exchange/app/internal/domains/message/domain/message_service.go:315.88,316.42 1 1
github.com/Anthony-Bible/password-exchange/app/internal/domains/message/domain/message_service.go:316.42,318.3 1 0
github.com/Anthony-Bible/password-exchange/app/internal/domains/message/domain/message_service.go:321.2,321.27 1 1
github.com/Anthony-Bible/password-exchange/app/internal/domains/message/domain/message_service.go:321.27,322.70 1 0
github.com/Anthony-Bible/password-exchange/app/internal/domains/message/domain/message_service.go:322.70,324.4 1 0
github.com/Anthony-Bible/password-exchange/app/internal/domains/message/domain/message_service.go:328.2,328.30 1 1
github.com/Anthony-Bible/password-exchange/app/internal/domains/message/domain/message_service.go:328.30,329.91 1 1
github.com/Anthony-Bible/password-exchange/app/internal/domains/message/domain/message_service.go:329.91,336.4 1 1
github.com/Anthony-Bible/password-exchange/app/internal/domains/message/domain/message_service.go:340.2,340.26 1 1
github.com/Anthony-Bible/password-exchange/app/internal/domains/message/domain/message_service.go:340.26,341.46 1 1
github.com/Anthony-Bible/password-exchange/app/internal/domains/message/domain/message_service.go:341.46,343.4 1 0
github.com/Anthony-Bible/password-exchange/app/internal/domains/message/domain/message_service.go:345.3,345.47 1 1
github.com/Anthony-Bible/password-exchange/app/internal/domains/message/domain/message_service.go:345.47,347.4 1 0
github.com/Anthony-Bible/password-exchange/app/internal/domains/message/domain/message_service.go:350.3,350.46 1 1
github.com/Anthony-Bible/password-exchange/app/internal/domains/message/domain/message_service.go:350.46,352.4 1 0
github.com/Anthony-Bible/password-exchange/app/internal/domains/message/domain/message_service.go:354.3,354.49 1 1
github.com/Anthony-Bible/password-exchange/app/internal/domains/message/domain/message_service.go:354.49,356.4 1 0
github.com/Anthony-Bible/password-exchange/app/internal/domains/message/domain/message_service.go:358.3,358.50 1 1
github.com/Anthony-Bible/password-exchange/app/internal/domains/message/domain/message_service.go:358.50,360.4 1 0
github.com/Anthony-Bible/password-exchange/app/internal/domains/message/domain/message_service.go:363.3,363.49 1 1
github.com/Anthony-Bible/password-exchange/app/internal/domains/message/domain/message_service.go:363.49,365.4 1 0
github.com/Anthony-Bible/password-exchange/app/internal/domains/message/domain/message_service.go:368.2,368.12 1 1
github.com/Anthony-Bible/password-exchange/app/internal/domains/notification/adapters/primary/http/health.go:33.68,38.2 1 1
github.com/Anthony-Bible/password-exchange/app/internal/domains/notification/adapters/primary/http/health.go:43.47,47.2 3 1
github.com/Anthony-Bible/password-exchange/app/internal/domains/notification/adapters/primary/http/health.go:51.72,52.34 1 1
github.com/Anthony-Bible/password-exchange/app/internal/domains/notification/adapters/primary/http/health.go:52.34,56.3 3 1
github.com/Anthony-Bible/password-exchange/app/internal/domains/notification/adapters/primary/http/health.go:57.2,58.30 2 1
github.com/Anthony-Bible/password-exchange/app/internal/domains/notification/adapters/primary/http/health.go:64.57,73.12 3 0
github.com/Anthony-Bible/password-exchange/app/internal/domains/notification/adapters/primary/http/health.go:73.12,74.89 1 0
github.com/Anthony-Bible/password-exchange/app/internal/domains/notification/adapters/primary/http/health.go:74.89,77.4 2 0
github.com/Anthony-Bible/password-exchange/app/internal/domains/notification/adapters/primary/http/health.go:78.3,78.15 1 0
github.com/Anthony-Bible/password-exchange/app/internal/domains/notification/adapters/primary/http/health.go:81.2,81.9 1 0
github.com/Anthony-Bible/password-exchange/app/internal/domains/notification/adapters/primary/http/health.go:82.20,86.13 4 0
github.com/Anthony-Bible/password-exchange/app/internal/domains/notification/adapters/primary/http/health.go:87.22,88.13 1 0
github.com/Anthony-Bible/password-exchange/app/internal/domains/notification/adapters/secondary/rabbitmq/consumer.go:29.46,31.2 1 1
github.com/Anthony-Bible/password-exchange/app/internal/domains/notification/adapters/secondary/rabbitmq/consumer.go:34.100,38.16 3 0
github.com/Anthony-Bible/password-exchange/app/internal/domains/notification/adapters/secondary/rabbitmq/consumer.go:38.16,41.3 2 0
github.com/Anthony-Bible/password-exchange/app/internal/domains/notification/adapters/secondary/rabbitmq/consumer.go:43.2,44.16 2 0
github.com/Anthony-Bible/password-exchange/app/internal/domains/notification/adapters/secondary/rabbitmq/consumer.go:44.16,48.3 3 0
github.com/Anthony-Bible/password-exchange/app/internal/domains/notification/adapters/secondary/rabbitmq/consumer.go:50.2,56.12 6 0
github.com/Anthony-Bible/password-exchange/app/internal/domains/notification/adapters/secondary/rabbitmq/consumer.go:60.158,61.22 1 0
github.com/Anthony-Bible/password-exchange/app/internal/domains/notification/adapters/secondary/rabbitmq/consumer.go:61.22,62.51 1 0
github.com/Anthony-Bible/password-exchange/app/internal/domains/notification/adapters/secondary/rabbitmq/consumer.go:62.51,64.4 1 0
github.com/Anthony-Bible/password-exchange/app/internal/domains/notification/adapters/secondary/rabbitmq/consumer.go:68.2,76.16 2 0
github.com/Anthony-Bible/password-exchange/app/internal/domains/notification/adapters/secondary/rabbitmq/consumer.go:76.16,79.3 2 0
github.com/Anthony-Bible/password-exchange/app/internal/domains/notification/adapters/secondary/rabbitmq/consumer.go:82.2,87.16 2 0
github.com/Anthony-Bible/password-exchange/app/internal/domains/notification/adapters/secondary/rabbitmq/consumer.go:87.16,90.3 2 0
github.com/Anthony-Bible/password-exchange/app/internal/domains/notification/adapters/secondary/rabbitmq/consumer.go:93.2,102.16 2 0
github.com/Anthony-Bible/password-exchange/app/internal/domains/notification/adapters/secondary/rabbitmq/consumer.go:102.16,105.3 2 0
github.com/Anthony-Bible/password-exchange/app/internal/domains/notification/adapters/secondary/rabbitmq/consumer.go:107.2,110.35 2 0
github.com/Anthony-Bible/password-exchange/app/internal/domains/notification/adapters/secondary/rabbitmq/consumer.go:110.35,112.3 1 0
github.com/Anthony-Bible/password-exchange/app/internal/domains/notification/adapters/secondary/rabbitmq/consumer.go:115.2,117.12 3 0
github.com/Anthony-Bible/password-exchange/app/internal/domains/notification/adapters/secondary/rabbitmq/consumer.go:121.135,124.6 2 0
github.com/Anthony-Bible/password-exchange/app/internal/domains/notification/adapters/secondary/rabbitmq/consumer.go:124.6,125.10 1 0
github.com/Anthony-Bible/password-exchange/app/internal/domains/notification/adapters/secondary/rabbitmq/consumer.go:126.21,128.10 2 0
github.com/Anthony-Bible/password-exchange/app/internal/domains/notification/adapters/secondary/rabbitmq/consumer.go:129.26,130.11 1 0
github.com/Anthony-Bible/password-exchange/app/internal/domains/notification/adapters/secondary/rabbitmq/consumer.go:130.11,134.5 3 0
github.com/Anthony-Bible/password-exchange/app/internal/domains/notification/adapters/secondary/rabbitmq/consumer.go:136.4,137.15 2 0
github.com/Anthony-Bible/password-exchange/app/internal/domains/notification/adapters/secondary/rabbitmq/consumer.go:137.15,139.5 1 0
github.com/Anthony-Bible/password-exchange/app/internal/domains/notification/adapters/secondary/rabbitmq/consumer.go:139.10,141.5 1 0
github.com/Anthony-Bible/password-exchange/app/internal/domains/notification/adapters/secondary/rabbitmq/consumer.go:147.137,148.26 1 1
github.com/Anthony-Bible/password-exchange/app/internal/domains/notification/adapters/secondary/rabbitmq/consumer.go:148.26,151.3 2 1
github.com/Anthony-Bible/password-exchange/app/internal/domains/notification/adapters/secondary/rabbitmq/consumer.go:154.2,156.16 3 1
github.com/Anthony-Bible/password-exchange/app/internal/domains/notification/adapters/secondary/rabbitmq/consumer.go:156.16,159.3 2 1
github.com/Anthony-Bible/password-exchange/app/internal/domains/notification/adapters/secondary/rabbitmq/consumer.go:162.2,177.16 3 1
github.com/Anthony-Bible/password-exchange/app/internal/domains/notification/adapters/secondary/rabbitmq/consumer.go:177.16,180.3 2 1
github.com/Anthony-Bible/password-exchange/app/internal/domains/notification/adapters/secondary/rabbitmq/consumer.go:182.2,183.13 2 1
github.com/Anthony-Bible/password-exchange/app/internal/domains/notification/adapters/secondary/rabbitmq/consumer.go:187.42,192.15 5 0
github.com/Anthony-Bible/password-exchange/app/internal/domains/notification/adapters/secondary/rabbitmq/consumer.go:192.15,194.3 1 0
github.com/Anthony-Bible/password-exchange/app/internal/domains/notification/adapters/secondary/rabbitmq/consumer.go:195.2,195.17 1 0
github.com/Anthony-Bible/password-exchange/app/internal/domains/notification/adapters/secondary/rabbitmq/consumer.go:195.17,197.3 1 0
github.com/Anthony-Bible/password-exchange/app/internal/domains/notification/adapters/secondary/rabbitmq/consumer.go:198.2,199.12 2 0
github.com/Anthony-Bible/password-exchange/app/internal/domains/notification/adapters/secondary/rabbitmq/consumer.go:212.37,214.2 1 1
github.com/Anthony-Bible/password-exchange/app/internal/domains/notification/adapters/secondary/rabbitmq/consumer.go:220.53,224.17 4 1
github.com/Anthony-Bible/password-exchange/app/internal/domains/notification/adapters/secondary/rabbitmq/consumer.go:224.17,226.3 1 1
github.com/Anthony-Bible/password-exchange/app/internal/domains/notification/adapters/secondary/rabbitmq/consumer.go:227.2,227.26 1 0
github.com/Anthony-Bible/password-exchange/app/internal/domains/notification/adapters/secondary/rabbitmq/notification_publisher.go:35.90,39.16 3 0
github.com/Anthony-Bible/password-exchange/app/internal/domains/notification/adapters/secondary/rabbitmq/notification_publisher.go:39.16,42.3 2 0
github.com/Anthony-Bible/password-exchange/app/internal/domains/notification/adapters/secondary/rabbitmq/notification_publisher.go:44.2,45.16 2 0
github.com/Anthony-Bible/password-exchange/app/internal/domains/notification/adapters/secondary/rabbitmq/notification_publisher.go:45.16,49.3 3 0
github.com/Anthony-Bible/password-exchange/app/internal/domains/notification/adapters/secondary/rabbitmq/notification_publisher.go:51.2,55.8 1 0
github.com/Anthony-Bible/password-exchange/app/internal/domains/notification/adapters/secondary/rabbitmq/notification_publisher.go:60.115,72.16 3 0
github.com/Anthony-Bible/password-exchange/app/internal/domains/notification/adapters/secondary/rabbitmq/notification_publisher.go:72.16,75.3 2 0
github.com/Anthony-Bible/password-exchange/app/internal/domains/notification/adapters/secondary/rabbitmq/notification_publisher.go:78.2,90.16 3 0
github.com/Anthony-Bible/password-exchange/app/internal/domains/notification/adapters/secondary/rabbitmq/notification_publisher.go:90.16,93.3 2 0
github.com/Anthony-Bible/password-exchange/app/internal/domains/notification/adapters/secondary/rabbitmq/notification_publisher.go:96.2,111.16 4 0
github.com/Anthony-Bible/password-exchange/app/internal/domains/notification/adapters/secondary/rabbitmq/notification_publisher.go:111.16,114.3 2 0
github.com/Anthony-Bible/password-exchange/app/internal/domains/notification/adapters/secondary/rabbitmq/notification_publisher.go:116.2,117.12 2 0
github.com/Anthony-Bible/password-exchange/app/internal/domains/notification/adapters/secondary/rabbitmq/notification_publisher.go:121.47,122.22 1 0
github.com/Anthony-Bible/password-exchange/app/internal/domains/notification/adapters/secondary/rabbitmq/notification_publisher.go:122.22,124.3 1 0
github.com/Anthony-Bible/password-exchange/app/internal/domains/notification/adapters/secondary/rabbitmq/notification_publisher.go:125.2,125.25 1 0
github.com/Anthony-Bible/password-exchange/app/internal/domains/notification/adapters/secondary/rabbitmq/notification_publisher.go:125.25,127.3 1 0
github.com/Anthony-Bible/password-exchange/app/internal/domains/notification/adapters/secondary/rabbitmq/notification_publisher.go:128.2,129.12 2 0
github.com/Anthony-Bible/password-exchange/app/internal/domains/notification/adapters/secondary/shared/config.go:24.73,29.2 1 1
github.com/Anthony-Bible/password-exchange/app/internal/domains/notification/adapters/secondary/shared/config.go:32.57,34.2 1 1
github.com/Anthony-Bible/password-exchange/app/internal/domains/notification/adapters/secondary/shared/config.go:38.55,39.30 1 1
github.com/Anthony-Bible/password-exchange/app/internal/domains/notification/adapters/secondary/shared/config.go:39.30,41.3 1 1
github.com/Anthony-Bible/password-exchange/app/internal/domains/notification/adapters/secondary/shared/config.go:42.2,42.35 1 1
github.com/Anthony-Bible/password-exchange/app/internal/domains/notification/adapters/secondary/shared/config.go:46.54,48.2 1 1
github.com/Anthony-Bible/password-exchange/app/internal/domains/notification/adapters/secondary/shared/config.go:52.63,53.29 1 1
github.com/Anthony-Bible/password-exchange/app/internal/domains/notification/adapters/secondary/shared/config.go:53.29,55.3 1 1
github.com/Anthony-Bible/password-exchange/app/internal/domains/notification/adapters/secondary/shared/config.go:56.2,56.36 1 1
github.com/Anthony-Bible/password-exchange/app/internal/domains/notification/adapters/secondary/shared/config.go:60.70,62.2 1 1
github.com/Anthony-Bible/password-exchange/app/internal/domains/notification/adapters/secondary/shared/config.go:65.71,67.2 1 1
github.com/Anthony-Bible/password-exchange/app/internal/domains/notification/adapters/secondary/shared/config.go:70.76,72.2 1 1
github.com/Anthony-Bible/password-exchange/app/internal/domains/notification/adapters/secondary/shared/config.go:75.65,77.2 1 1
github.com/Anthony-Bible/password-exchange/app/internal/domains/notification/adapters/secondary/shared/config.go:80.66,82.2 1 1
github.com/Anthony-Bible/password-exchange/app/internal/domains/notification/adapters/secondary/shared/config.go:87.67,89.2 1 1
github.com/Anthony-Bible/password-exchange/app/internal/domains/notification/adapters/secondary/shared/config.go:92.59,94.2 1 1
github.com/Anthony-Bible/password-exchange/app/internal/domains/notification/adapters/secondary/shared/config.go:97.63,102.2 1 1
github.com/Anthony-Bible/password-exchange/app/cmd/reminder/reminder.go:46.51,48.31 2 1
github.com/Anthony-Bible/password-exchange/app/cmd/reminder/reminder.go:48.31,50.3 1 1
github.com/Anthony-Bible/password-exchange/app/cmd/reminder/reminder.go:51.2,51.38 1 1
github.com/Anthony-Bible/password-exchange/app/cmd/reminder/reminder.go:51.38,55.10 4 1
github.com/Anthony-Bible/password-exchange/app/cmd/reminder/reminder.go:55.10,56.12 1 0
github.com/Anthony-Bible/password-exchange/app/cmd/reminder/reminder.go:58.3,58.22 1 1
github.com/Anthony-Bible/password-exchange/app/cmd/reminder/reminder.go:58.22,60.12 2 1
github.com/Anthony-Bible/password-exchange/app/cmd/reminder/reminder.go:62.3,62.19 1 1
github.com/Anthony-Bible/password-exchange/app/cmd/reminder/reminder.go:63.23,64.49 1 1
github.com/Anthony-Bible/password-exchange/app/cmd/reminder/reminder.go:65.11,69.30 3 1
github.com/Anthony-Bible/password-exchange/app/cmd/reminder/reminder.go:89.47,98.50 5 0
github.com/Anthony-Bible/password-exchange/app/cmd/reminder/reminder.go:98.50,101.4 2 0
github.com/Anthony-Bible/password-exchange/app/cmd/reminder/reminder.go:105.3,132.73 6 0
github.com/Anthony-Bible/password-exchange/app/cmd/reminder/reminder.go:132.73,133.46 1 0
github.com/Anthony-Bible/password-exchange/app/cmd/reminder/reminder.go:133.46,141.5 2 0
github.com/Anthony-Bible/password-exchange/app/cmd/reminder/reminder.go:143.3,143.16 1 0
github.com/Anthony-Bible/password-exchange/app/cmd/reminder/reminder.go:143.16,144.49 1 0
github.com/Anthony-Bible/password-exchange/app/cmd/reminder/reminder.go:144.49,146.5 1 0
github.com/Anthony-Bible/password-exchange/app/cmd/reminder/reminder.go:150.3,165.17 5 0
github.com/Anthony-Bible/password-exchange/app/cmd/reminder/reminder.go:165.17,173.4 2 0
github.com/Anthony-Bible/password-exchange/app/cmd/reminder/reminder.go:174.3,187.79 7 0
github.com/Anthony-Bible/password-exchange/app/cmd/reminder/reminder.go:187.79,193.4 2 0
github.com/Anthony-Bible/password-exchange/app/cmd/reminder/reminder.go:195.3,200.91 2 0
github.com/Anthony-Bible/password-exchange/app/cmd/reminder/reminder.go:205.44,207.89 1 1
github.com/Anthony-Bible/password-exchange/app/cmd/reminder/reminder.go:207.89,209.17 2 1
github.com/Anthony-Bible/password-exchange/app/cmd/reminder/reminder.go:209.17,211.4 1 1
github.com/Anthony-Bible/password-exchange/app/cmd/reminder/reminder.go:212.3,212.63 1 1
github.com/Anthony-Bible/password-exchange/app/cmd/reminder/reminder.go:212.63,214.4 1 1
github.com/Anthony-Bible/password-exchange/app/cmd/reminder/reminder.go:215.3,215.39 1 1
github.com/Anthony-Bible/password-exchange/app/cmd/reminder/reminder.go:217.2,217.82 1 1
github.com/Anthony-Bible/password-exchange/app/cmd/reminder/reminder.go:217.82,219.17 2 1
github.com/Anthony-Bible/password-exchange/app/cmd/reminder/reminder.go:219.17,221.4 1 1
github.com/Anthony-Bible/password-exchange/app/cmd/reminder/reminder.go:222.3,222.81 1 1
github.com/Anthony-Bible/password-exchange/app/cmd/reminder/reminder.go:222.81,224.4 1 1
github.com/Anthony-Bible/password-exchange/app/cmd/reminder/reminder.go:225.3,225.48 1 1
github.com/Anthony-Bible/password-exchange/app/cmd/reminder/reminder.go:227.2,227.85 1 1
github.com/Anthony-Bible/password-exchange/app/cmd/reminder/reminder.go:227.85,229.17 2 0
github.com/Anthony-Bible/password-exchange/app/cmd/reminder/reminder.go:229.17,231.4 1 0
github.com/Anthony-Bible/password-exchange/app/cmd/reminder/reminder.go:232.3,232.81 1 0
github.com/Anthony-Bible/password-exchange/app/cmd/reminder/reminder.go:232.81,234.4 1 0
github.com/Anthony-Bible/password-exchange/app/cmd/reminder/reminder.go:235.3,235.48 1 0
github.com/Anthony-Bible/password-exchange/app/cmd/reminder/reminder.go:238.2,245.12 2 1
github.com/Anthony-Bible/password-exchange/app/cmd/reminder/reminder.go:248.13,266.2 11 1
github.com/Anthony-Bible/password-exchange/app/cmd/reminder/reminder.go:270.51,272.33 1 1
github.com/Anthony-Bible/password-exchange/app/cmd/reminder/reminder.go:272.33,274.3 1 1
github.com/Anthony-Bible/password-exchange/app/cmd/reminder/reminder.go:277.2,277.33 1 1
github.com/Anthony-Bible/password-exchange/app/cmd/reminder/reminder.go:280.49,283.16 3 1
github.com/Anthony-Bible/password-exchange/app/cmd/reminder/reminder.go:283.16,286.3 2 0
github.com/Anthony-Bible/password-exchange/app/cmd/reminder/reminder.go:288.2,289.16 2 1
github.com/Anthony-Bible/password-exchange/app/cmd/reminder/reminder.go:289.16,292.3 2 1
github.com/Anthony-Bible/password-exchange/app/cmd/reminder/reminder.go:293.2,295.53 2 1
github.com/Anthony-Bible/password-exchange/app/cmd/reminder/reminder.go:295.53,300.3 3 1
github.com/Anthony-Bible/password-exchange/app/cmd/reminder/reminder.go:302.2,303.14 2 0
github.com/Anthony-Bible/password-exchange/app/internal/domains/notification/adapters/secondary/smtp/sender.go:48.13,64.32 4 1
github.com/Anthony-Bible/password-exchange/app/internal/domains/notification/adapters/secondary/smtp/sender.go:64.32,66.3 1 1
github.com/Anthony-Bible/password-exchange/app/internal/domains/notification/adapters/secondary/smtp/sender.go:67.2,70.4 1 1
github.com/Anthony-Bible/password-exchange/app/internal/domains/notification/adapters/secondary/smtp/sender.go:70.4,72.3 1 1
github.com/Anthony-Bible/password-exchange/app/internal/domains/notification/adapters/secondary/smtp/sender.go:75.2,79.4 2 1
github.com/Anthony-Bible/password-exchange/app/internal/domains/notification/adapters/secondary/smtp/sender.go:79.4,82.3 2 1
github.com/Anthony-Bible/password-exchange/app/internal/domains/notification/adapters/secondary/smtp/sender.go:85.2,101.4 2 1
github.com/Anthony-Bible/password-exchange/app/internal/domains/notification/adapters/secondary/smtp/sender.go:101.4,106.3 1 1
github.com/Anthony-Bible/password-exchange/app/internal/domains/notification/adapters/secondary/smtp/sender.go:109.2,116.4 1 1
github.com/Anthony-Bible/password-exchange/app/internal/domains/notification/adapters/secondary/smtp/sender.go:116.4,118.3 1 1
github.com/Anthony-Bible/password-exchange/app/internal/domains/notification/adapters/secondary/smtp/sender.go:135.15,142.2 1 0
github.com/Anthony-Bible/password-exchange/app/internal/domains/notification/adapters/secondary/smtp/sender.go:147.66,149.2 1 1
github.com/Anthony-Bible/password-exchange/app/internal/domains/notification/adapters/secondary/smtp/sender.go:154.76,160.44 2 1
github.com/Anthony-Bible/password-exchange/app/internal/domains/notification/adapters/secondary/smtp/sender.go:160.44,162.3 1 1
github.com/Anthony-Bible/password-exchange/app/internal/domains/notification/adapters/secondary/smtp/sender.go:165.2,165.43 1 1
github.com/Anthony-Bible/password-exchange/app/internal/domains/notification/adapters/secondary/smtp/sender.go:165.43,166.38 1 1
github.com/Anthony-Bible/password-exchange/app/internal/domains/notification/adapters/secondary/smtp/sender.go:166.38,168.4 1 1
github.com/Anthony-Bible/password-exchange/app/internal/domains/notification/adapters/secondary/smtp/sender.go:172.2,173.32 2 1
github.com/Anthony-Bible/password-exchange/app/internal/domains/notification/adapters/secondary/smtp/sender.go:173.32,174.21 1 1
github.com/Anthony-Bible/password-exchange/app/internal/domains/notification/adapters/secondary/smtp/sender.go:174.21,176.40 2 1
github.com/Anthony-Bible/password-exchange/app/internal/domains/notification/adapters/secondary/smtp/sender.go:176.40,177.13 1 0
github.com/Anthony-Bible/password-exchange/app/internal/domains/notification/adapters/secondary/smtp/sender.go:179.4,179.32 1 1
github.com/Anthony-Bible/password-exchange/app/internal/domains/notification/adapters/secondary/smtp/sender.go:179.32,181.5 1 1
github.com/Anthony-Bible/password-exchange/app/internal/domains/notification/adapters/secondary/smtp/sender.go:186.2,186.42 1 1
github.com/Anthony-Bible/password-exchange/app/internal/domains/notification/adapters/secondary/smtp/sender.go:186.42,187.41 1 1
github.com/Anthony-Bible/password-exchange/app/internal/domains/notification/adapters/secondary/smtp/sender.go:187.41,188.22 1 1
github.com/Anthony-Bible/password-exchange/app/internal/domains/notification/adapters/secondary/smtp/sender.go:188.22,190.5 1 1
github.com/Anthony-Bible/password-exchange/app/internal/domains/notification/adapters/secondary/smtp/sender.go:191.4,191.59 1 1
github.com/Anthony-Bible/password-exchange/app/internal/domains/notification/adapters/secondary/smtp/sender.go:196.2,196.35 1 1
github.com/Anthony-Bible/password-exchange/app/internal/domains/notification/adapters/secondary/smtp/sender.go:196.35,197.38 1 1
github.com/Anthony-Bible/password-exchange/app/internal/domains/notification/adapters/secondary/smtp/sender.go:197.38,199.4 1 1
github.com/Anthony-Bible/password-exchange/app/internal/domains/notification/adapters/secondary/smtp/sender.go:203.2,207.31 4 1
github.com/Anthony-Bible/password-exchange/app/internal/domains/notification/adapters/secondary/smtp/sender.go:207.31,208.93 1 1
github.com/Anthony-Bible/password-exchange/app/internal/domains/notification/adapters/secondary/smtp/sender.go:208.93,210.98 2 1
github.com/Anthony-Bible/password-exchange/app/internal/domains/notification/adapters/secondary/smtp/sender.go:210.98,212.5 1 1
github.com/Anthony-Bible/password-exchange/app/internal/domains/notification/adapters/secondary/smtp/sender.go:214.4,214.34 1 1
github.com/Anthony-Bible/password-exchange/app/internal/domains/notification/adapters/secondary/smtp/sender.go:214.34,221.43 3 1
github.com/Anthony-Bible/password-exchange/app/internal/domains/notification/adapters/secondary/smtp/sender.go:221.43,223.35 2 1
github.com/Anthony-Bible/password-exchange/app/internal/domains/notification/adapters/secondary/smtp/sender.go:223.35,225.7 1 1
github.com/Anthony-Bible/password-exchange/app/internal/domains/notification/adapters/secondary/smtp/sender.go:226.11,226.32 1 1
github.com/Anthony-Bible/password-exchange/app/internal/domains/notification/adapters/secondary/smtp/sender.go:226.32,228.6 1 1
github.com/Anthony-Bible/password-exchange/app/internal/domains/notification/adapters/secondary/smtp/sender.go:230.5,230.14 1 1
github.com/Anthony-Bible/password-exchange/app/internal/domains/notification/adapters/secondary/smtp/sender.go:231.10,233.5 1 1
github.com/Anthony-Bible/password-exchange/app/internal/domains/notification/adapters/secondary/smtp/sender.go:234.9,236.4 1 1
github.com/Anthony-Bible/password-exchange/app/internal/domains/notification/adapters/secondary/smtp/sender.go:239.2,239.34 1 1
github.com/Anthony-Bible/password-exchange/app/internal/domains/notification/adapters/secondary/smtp/sender.go:239.34,241.3 1 1
github.com/Anthony-Bible/password-exchange/app/internal/domains/notification/adapters/secondary/smtp/sender.go:243.2,243.12 1 1
github.com/Anthony-Bible/password-exchange/app/internal/domains/notification/adapters/secondary/smtp/sender.go:248.87,256.85 3 1
github.com/Anthony-Bible/password-exchange/app/internal/domains/notification/adapters/secondary/smtp/sender.go:256.85,258.17 2 1
github.com/Anthony-Bible/password-exchange/app/internal/domains/notification/adapters/secondary/smtp/sender.go:258.17,260.4 1 1
github.com/Anthony-Bible/password-exchange/app/internal/domains/notification/adapters/secondary/smtp/sender.go:260.9,260.44 1 1
github.com/Anthony-Bible/password-exchange/app/internal/domains/notification/adapters/secondary/smtp/sender.go:260.44,263.4 1 1
github.com/Anthony-Bible/password-exchange/app/internal/domains/notification/adapters/secondary/smtp/sender.go:263.9,265.4 1 0
github.com/Anthony-Bible/password-exchange/app/internal/domains/notification/adapters/secondary/smtp/sender.go:266.8,268.3 1 1
github.com/Anthony-Bible/password-exchange/app/internal/domains/notification/adapters/secondary/smtp/sender.go:271.2,271.67 1 1
github.com/Anthony-Bible/password-exchange/app/internal/domains/notification/adapters/secondary/smtp/sender.go:271.67,273.3 1 1
github.com/Anthony-Bible/password-exchange/app/internal/domains/notification/adapters/secondary/smtp/sender.go:276.2,276.70 1 1
github.com/Anthony-Bible/password-exchange/app/internal/domains/notification/adapters/secondary/smtp/sender.go:280.101,282.70 1 1
github.com/Anthony-Bible/password-exchange/app/internal/domains/notification/adapters/secondary/smtp/sender.go:282.70,284.3 1 1
github.com/Anthony-Bible/password-exchange/app/internal/domains/notification/adapters/secondary/smtp/sender.go:285.2,285.71 1 1
github.com/Anthony-Bible/password-exchange/app/internal/domains/notification/adapters/secondary/smtp/sender.go:285.71,287.3 1 1
github.com/Anthony-Bible/password-exchange/app/internal/domains/notification/adapters/secondary/smtp/sender.go:288.2,288.64 1 1
github.com/Anthony-Bible/password-exchange/app/internal/domains/notification/adapters/secondary/smtp/sender.go:288.64,290.3 1 1
github.com/Anthony-Bible/password-exchange/app/internal/domains/notification/adapters/secondary/smtp/sender.go:291.2,291.69 1 1
github.com/Anthony-Bible/password-exchange/app/internal/domains/notification/adapters/secondary/smtp/sender.go:291.69,293.3 1 1
github.com/Anthony-Bible/password-exchange/app/internal/domains/notification/adapters/secondary/smtp/sender.go:296.2,306.26 7 1
github.com/Anthony-Bible/password-exchange/app/internal/domains/notification/adapters/secondary/smtp/sender.go:313.44,325.16 5 0
github.com/Anthony-Bible/password-exchange/app/internal/domains/notification/adapters/secondary/smtp/sender.go:325.16,328.3 2 0
github.com/Anthony-Bible/password-exchange/app/internal/domains/notification/adapters/secondary/smtp/sender.go:331.2,340.16 3 0
github.com/Anthony-Bible/password-exchange/app/internal/domains/notification/adapters/secondary/smtp/sender.go:340.16,343.3 2 0
github.com/Anthony-Bible/password-exchange/app/internal/domains/notification/adapters/secondary/smtp/sender.go:346.2,350.16 4 0
github.com/Anthony-Bible/password-exchange/app/internal/domains/notification/adapters/secondary/smtp/sender.go:350.16,353.3 2 0
github.com/Anthony-Bible/password-exchange/app/internal/domains/notification/adapters/secondary/smtp/sender.go:356.2,358.16 3 0
github.com/Anthony-Bible/password-exchange/app/internal/domains/notification/adapters/secondary/smtp/sender.go:358.16,365.3 2 0
github.com/Anthony-Bible/password-exchange/app/internal/domains/notification/adapters/secondary/smtp/sender.go:368.2,379.22 4 0
github.com/Anthony-Bible/password-exchange/app/internal/domains/notification/adapters/secondary/storage/grpc_adapter.go:18.96,22.2 1 1
github.com/Anthony-Bible/password-exchange/app/internal/domains/notification/adapters/secondary/storage/grpc_adapter.go:25.176,27.16 2 1
github.com/Anthony-Bible/password-exchange/app/internal/domains/notification/adapters/secondary/storage/grpc_adapter.go:27.16,29.3 1 1
github.com/Anthony-Bible/password-exchange/app/internal/domains/notification/adapters/secondary/storage/grpc_adapter.go:33.2,34.37 2 1
github.com/Anthony-Bible/password-exchange/app/internal/domains/notification/adapters/secondary/storage/grpc_adapter.go:34.37,42.3 1 1
github.com/Anthony-Bible/password-exchange/app/internal/domains/notification/adapters/secondary/storage/grpc_adapter.go:44.2,44.22 1 1
github.com/Anthony-Bible/password-exchange/app/internal/domains/notification/adapters/secondary/storage/grpc_adapter.go:48.121,50.16 2 1
github.com/Anthony-Bible/password-exchange/app/internal/domains/notification/adapters/secondary/storage/grpc_adapter.go:50.16,52.3 1 1
github.com/Anthony-Bible/password-exchange/app/internal/domains/notification/adapters/secondary/storage/grpc_adapter.go:55.2,56.36 2 1
github.com/Anthony-Bible/password-exchange/app/internal/domains/notification/adapters/secondary/storage/grpc_adapter.go:56.36,63.3 1 1
github.com/Anthony-Bible/password-exchange/app/internal/domains/notification/adapters/secondary/storage/grpc_adapter.go:65.2,65.21 1 1
github.com/Anthony-Bible/password-exchange/app/internal/domains/notification/adapters/secondary/storage/grpc_adapter.go:69.111,71.2 1 1
github.com/Anthony-Bible/password-exchange/app/internal/domains/notification/adapters/secondary/viper/config.go:17.51,19.26 2 1
github.com/Anthony-Bible/password-exchange/app/internal/domains/notification/adapters/secondary/viper/config.go:19.26,20.67 1 1
github.com/Anthony-Bible/password-exchange/app/internal/domains/notification/adapters/secondary/viper/config.go:20.67,23.4 1 0
github.com/Anthony-Bible/password-exchange/app/internal/domains/notification/adapters/secondary/viper/config.go:24.8,26.3 1 1
github.com/Anthony-Bible/password-exchange/app/internal/domains/notification/adapters/secondary/viper/config.go:29.2,34.3 2 1
github.com/Anthony-Bible/password-exchange/app/internal/domains/notification/adapters/secondary/viper/config.go:38.49,57.2 1 1
github.com/Anthony-Bible/password-exchange/app/internal/domains/notification/adapters/secondary/viper/config.go:60.43,62.33 2 1
github.com/Anthony-Bible/password-exchange/app/internal/domains/notification/adapters/secondary/viper/config.go:62.33,64.3 1 1
github.com/Anthony-Bible/password-exchange/app/internal/domains/notification/adapters/secondary/viper/config.go:65.2,65.34 1 1
github.com/Anthony-Bible/password-exchange/app/internal/domains/notification/adapters/secondary/viper/config.go:65.34,67.3 1 1
github.com/Anthony-Bible/password-exchange/app/internal/domains/notification/adapters/secondary/viper/config.go:68.2,68.32 1 1
github.com/Anthony-Bible/password-exchange/app/internal/domains/notification/adapters/secondary/viper/config.go:68.32,70.3 1 1
github.com/Anthony-Bible/password-exchange/app/internal/domains/notification/adapters/secondary/viper/config.go:71.2,71.33 1 1
github.com/Anthony-Bible/password-exchange/app/internal/domains/notification/adapters/secondary/viper/config.go:71.33,73.3 1 1
github.com/Anthony-Bible/password-exchange/app/internal/domains/notification/adapters/secondary/viper/config.go:74.2,74.29 1 1
github.com/Anthony-Bible/password-exchange/app/internal/domains/notification/adapters/secondary/viper/config.go:74.29,76.3 1 1
github.com/Anthony-Bible/password-exchange/app/internal/domains/notification/adapters/secondary/viper/config.go:77.2,77.28 1 1
github.com/Anthony-Bible/password-exchange/app/internal/domains/notification/adapters/secondary/viper/config.go:77.28,79.3 1 1
github.com/Anthony-Bible/password-exchange/app/internal/domains/notification/adapters/secondary/viper/config.go:80.2,80.27 1 1
github.com/Anthony-Bible/password-exchange/app/internal/domains/notification/adapters/secondary/viper/config.go:80.27,82.3 1 1
github.com/Anthony-Bible/password-exchange/app/internal/domains/notification/adapters/secondary/viper/config.go:83.2,83.19 1 1
github.com/Anthony-Bible/password-exchange/app/internal/domains/notification/adapters/secondary/viper/config.go:83.19,85.3 1 1
github.com/Anthony-Bible/password-exchange/app/internal/domains/notification/adapters/secondary/viper/config.go:88.56,90.2 1 1
github.com/Anthony-Bible/password-exchange/app/internal/domains/notification/adapters/secondary/viper/config.go:92.54,94.2 1 1
github.com/Anthony-Bible/password-exchange/app/internal/domains/notification/adapters/secondary/viper/config.go:96.53,98.2 1 1
github.com/Anthony-Bible/password-exchange/app/internal/domains/notification/adapters/secondary/viper/config.go:100.62,102.2 1 1
github.com/Anthony-Bible/password-exchange/app/internal/domains/notification/adapters/secondary/viper/config.go:104.69,106.2 1 1
github.com/Anthony-Bible/password-exchange/app/internal/domains/notification/adapters/secondary/viper/config.go:108.70,110.2 1 1
github.com/Anthony-Bible/password-exchange/app/internal/domains/notification/adapters/secondary/viper/config.go:112.75,114.2 1 0
github.com/Anthony-Bible/password-exchange/app/internal/domains/notification/adapters/secondary/viper/config.go:116.64,118.2 1 0
github.com/Anthony-Bible/password-exchange/app/internal/domains/notification/adapters/secondary/viper/config.go:120.65,122.2 1 1
github.com/Anthony-Bible/password-exchange/app/internal/domains/notification/adapters/secondary/viper/config.go:127.66,129.2 1 1
github.com/Anthony-Bible/password-exchange/app/internal/domains/notification/adapters/secondary/viper/config.go:132.58,134.2 1 0
github.com/Anthony-Bible/password-exchange/app/internal/domains/notification/adapters/secondary/viper/config.go:137.62,142.2 1 0
github.com/Anthony-Bible/password-exchange/app/internal/domains/storage/adapters/secondary/mysql/adapter.go:24.63,36.16 4 1
github.com/Anthony-Bible/password-exchange/app/internal/domains/storage/adapters/secondary/mysql/adapter.go:36.16,38.3 1 0
github.com/Anthony-Bible/password-exchange/app/internal/domains/storage/adapters/secondary/mysql/adapter.go:39.2,39.21 1 1
github.com/Anthony-Bible/password-exchange/app/internal/domains/storage/adapters/secondary/mysql/adapter.go:39.21,41.3 1 1
github.com/Anthony-Bible/password-exchange/app/internal/domains/storage/adapters/secondary/mysql/adapter.go:42.2,42.22 1 1
github.com/Anthony-Bible/password-exchange/app/internal/domains/storage/adapters/secondary/mysql/adapter.go:63.31,64.19 1 0
github.com/Anthony-Bible/password-exchange/app/internal/domains/storage/adapters/secondary/mysql/adapter.go:64.19,65.72 1 0
github.com/Anthony-Bible/password-exchange/app/internal/domains/storage/adapters/secondary/mysql/adapter.go:67.2,67.22 1 0
github.com/Anthony-Bible/password-exchange/app/internal/domains/storage/adapters/secondary/mysql/adapter.go:67.22,68.76 1 0
github.com/Anthony-Bible/password-exchange/app/internal/domains/storage/adapters/secondary/mysql/adapter.go:70.2,74.3 1 0
github.com/Anthony-Bible/password-exchange/app/internal/domains/storage/adapters/secondary/mysql/adapter.go:80.44,81.21 1 1
github.com/Anthony-Bible/password-exchange/app/internal/domains/storage/adapters/secondary/mysql/adapter.go:81.21,83.3 1 1
github.com/Anthony-Bible/password-exchange/app/internal/domains/storage/adapters/secondary/mysql/adapter.go:84.2,84.17 1 1
github.com/Anthony-Bible/password-exchange/app/internal/domains/storage/adapters/secondary/mysql/adapter.go:84.17,86.3 1 0
github.com/Anthony-Bible/password-exchange/app/internal/domains/storage/adapters/secondary/mysql/adapter.go:87.2,87.12 1 1
github.com/Anthony-Bible/password-exchange/app/internal/domains/storage/adapters/secondary/mysql/adapter.go:91.40,96.16 3 0
github.com/Anthony-Bible/password-exchange/app/internal/domains/storage/adapters/secondary/mysql/adapter.go:96.16,99.3 2 0
github.com/Anthony-Bible/password-exchange/app/internal/domains/storage/adapters/secondary/mysql/adapter.go:102.2,102.34 1 0
github.com/Anthony-Bible/password-exchange/app/internal/domains/storage/adapters/secondary/mysql/adapter.go:102.34,106.3 3 0
github.com/Anthony-Bible/password-exchange/app/internal/domains/storage/adapters/secondary/mysql/adapter.go:108.2,109.12 2 0
github.com/Anthony-Bible/password-exchange/app/internal/domains/storage/adapters/secondary/mysql/adapter.go:113.72,114.40 1 1
github.com/Anthony-Bible/password-exchange/app/internal/domains/storage/adapters/secondary/mysql/adapter.go:114.40,116.3 1 1
github.com/Anthony-Bible/password-exchange/app/internal/domains/storage/adapters/secondary/mysql/adapter.go:119.2,120.30 2 1
github.com/Anthony-Bible/password-exchange/app/internal/domains/storage/adapters/secondary/mysql/adapter.go:120.30,122.3 1 1
github.com/Anthony-Bible/password-exchange/app/internal/domains/storage/adapters/secondary/mysql/adapter.go:122.8,124.3 1 1
github.com/Anthony-Bible/password-exchange/app/internal/domains/storage/adapters/secondary/mysql/adapter.go:125.2,135.16 3 1
github.com/Anthony-Bible/password-exchange/app/internal/domains/storage/adapters/secondary/mysql/adapter.go:135.16,138.3 2 0
github.com/Anthony-Bible/password-exchange/app/internal/domains/storage/adapters/secondary/mysql/adapter.go:140.2,145.12 2 1
github.com/Anthony-Bible/password-exchange/app/internal/domains/storage/adapters/secondary/mysql/adapter.go:149.93,150.40 1 1
github.com/Anthony-Bible/password-exchange/app/internal/domains/storage/adapters/secondary/mysql/adapter.go:150.40,152.3 1 1
github.com/Anthony-Bible/password-exchange/app/internal/domains/storage/adapters/secondary/mysql/adapter.go:154.2,155.16 2 1
github.com/Anthony-Bible/password-exchange/app/internal/domains/storage/adapters/secondary/mysql/adapter.go:155.16,156.27 1 0
github.com/Anthony-Bible/password-exchange/app/internal/domains/storage/adapters/secondary/mysql/adapter.go:156.27,159.4 2 0
github.com/Anthony-Bible/password-exchange/app/internal/domains/storage/adapters/secondary/mysql/adapter.go:160.3,161.69 2 0
github.com/Anthony-Bible/password-exchange/app/internal/domains/storage/adapters/secondary/mysql/adapter.go:164.2,165.21 2 1
github.com/Anthony-Bible/password-exchange/app/internal/domains/storage/adapters/secondary/mysql/adapter.go:169.80,170.40 1 1
github.com/Anthony-Bible/password-exchange/app/internal/domains/storage/adapters/secondary/mysql/adapter.go:170.40,172.3 1 1
github.com/Anthony-Bible/password-exchange/app/internal/domains/storage/adapters/secondary/mysql/adapter.go:174.2,175.16 2 1
github.com/Anthony-Bible/password-exchange/app/internal/domains/storage/adapters/secondary/mysql/adapter.go:175.16,176.27 1 0
github.com/Anthony-Bible/password-exchange/app/internal/domains/storage/adapters/secondary/mysql/adapter.go:176.27,179.4 2 0
github.com/Anthony-Bible/password-exchange/app/internal/domains/storage/adapters/secondary/mysql/adapter.go:180.3,181.69 2 0
github.com/Anthony-Bible/password-exchange/app/internal/domains/storage/adapters/secondary/mysql/adapter.go:184.2,185.21 2 1
github.com/Anthony-Bible/password-exchange/app/internal/domains/storage/adapters/secondary/mysql/adapter.go:190.94,191.40 1 1
github.com/Anthony-Bible/password-exchange/app/internal/domains/storage/adapters/secondary/mysql/adapter.go:191.40,193.3 1 1
github.com/Anthony-Bible/password-exchange/app/internal/domains/storage/adapters/secondary/mysql/adapter.go:196.2,197.16 2 0
github.com/Anthony-Bible/password-exchange/app/internal/domains/storage/adapters/secondary/mysql/adapter.go:197.16,200.3 2 0
github.com/Anthony-Bible/password-exchange/app/internal/domains/storage/adapters/secondary/mysql/adapter.go:201.2,206.16 4 0
github.com/Anthony-Bible/password-exchange/app/internal/domains/storage/adapters/secondary/mysql/adapter.go:206.16,209.3 2 0
github.com/Anthony-Bible/password-exchange/app/internal/domains/storage/adapters/secondary/mysql/adapter.go:212.2,213.16 2 0
github.com/Anthony-Bible/password-exchange/app/internal/domains/storage/adapters/secondary/mysql/adapter.go:213.16,216.3 2 0
github.com/Anthony-Bible/password-exchange/app/internal/domains/storage/adapters/secondary/mysql/adapter.go:217.2,217.23 1 0
github.com/Anthony-Bible/password-exchange/app/internal/domains/storage/adapters/secondary/mysql/adapter.go:217.23,220.3 2 0
github.com/Anthony-Bible/password-exchange/app/internal/domains/storage/adapters/secondary/mysql/adapter.go:223.2,224.16 2 0
github.com/Anthony-Bible/password-exchange/app/internal/domains/storage/adapters/secondary/mysql/adapter.go:224.16,225.27 1 0
github.com/Anthony-Bible/password-exchange/app/internal/domains/storage/adapters/secondary/mysql/adapter.go:225.27,228.4 2 0
github.com/Anthony-Bible/password-exchange/app/internal/domains/storage/adapters/secondary/mysql/adapter.go:229.3,230.69 2 0
github.com/Anthony-Bible/password-exchange/app/internal/domains/storage/adapters/secondary/mysql/adapter.go:234.2,234.47 1 0
github.com/Anthony-Bible/password-exchange/app/internal/domains/storage/adapters/secondary/mysql/adapter.go:234.47,237.17 3 0
github.com/Anthony-Bible/password-exchange/app/internal/domains/storage/adapters/secondary/mysql/adapter.go:237.17,240.4 2 0
github.com/Anthony-Bible/password-exchange/app/internal/domains/storage/adapters/secondary/mysql/adapter.go:241.3,245.52 1 0
github.com/Anthony-Bible/password-exchange/app/internal/domains/storage/adapters/secondary/mysql/adapter.go:249.2,249.35 1 0
github.com/Anthony-Bible/password-exchange/app/internal/domains/storage/adapters/secondary/mysql/adapter.go:249.35,252.3 2 0
github.com/Anthony-Bible/password-exchange/app/internal/domains/storage/adapters/secondary/mysql/adapter.go:254.2,255.21 2 0
github.com/Anthony-Bible/password-exchange/app/internal/domains/storage/adapters/secondary/mysql/adapter.go:259.54,260.40 1 1
github.com/Anthony-Bible/password-exchange/app/internal/domains/storage/adapters/secondary/mysql/adapter.go:260.40,262.3 1 1
github.com/Anthony-Bible/password-exchange/app/internal/domains/storage/adapters/secondary/mysql/adapter.go:264.2,266.16 3 1
github.com/Anthony-Bible/password-exchange/app/internal/domains/storage/adapters/secondary/mysql/adapter.go:266.16,269.3 2 0
github.com/Anthony-Bible/password-exchange/app/internal/domains/storage/adapters/secondary/mysql/adapter.go:271.2,273.12 3 1
github.com/Anthony-Bible/password-exchange/app/internal/domains/storage/adapters/secondary/mysql/adapter.go:279.41,280.40 1 1
github.com/Anthony-Bible/password-exchange/app/internal/domains/storage/adapters/secondary/mysql/adapter.go:280.40,282.3 1 1
github.com/Anthony-Bible/password-exchange/app/internal/domains/storage/adapters/secondary/mysql/adapter.go:284.2,296.16 3 1
github.com/Anthony-Bible/password-exchange/app/internal/domains/storage/adapters/secondary/mysql/adapter.go:296.16,299.3 2 0
github.com/Anthony-Bible/password-exchange/app/internal/domains/storage/adapters/secondary/mysql/adapter.go:300.2,303.18 3 1
github.com/Anthony-Bible/password-exchange/app/internal/domains/storage/adapters/secondary/mysql/adapter.go:303.18,306.17 3 1
github.com/Anthony-Bible/password-exchange/app/internal/domains/storage/adapters/secondary/mysql/adapter.go:306.17,309.4 2 0
github.com/Anthony-Bible/password-exchange/app/internal/domains/storage/adapters/secondary/mysql/adapter.go:311.3,311.36 1 1
github.com/Anthony-Bible/password-exchange/app/internal/domains/storage/adapters/secondary/mysql/adapter.go:314.2,314.34 1 1
github.com/Anthony-Bible/password-exchange/app/internal/domains/storage/adapters/secondary/mysql/adapter.go:314.34,317.3 2 0
github.com/Anthony-Bible/password-exchange/app/internal/domains/storage/adapters/secondary/mysql/adapter.go:319.2,320.22 2 1
github.com/Anthony-Bible/password-exchange/app/internal/domains/storage/adapters/secondary/mysql/adapter.go:324.82,325.40 1 1
github.com/Anthony-Bible/password-exchange/app/internal/domains/storage/adapters/secondary/mysql/adapter.go:325.40,327.3 1 1
github.com/Anthony-Bible/password-exchange/app/internal/domains/storage/adapters/secondary/mysql/adapter.go:329.2,336.16 3 1
github.com/Anthony-Bible/password-exchange/app/internal/domains/storage/adapters/secondary/mysql/adapter.go:336.16,343.3 2 0
github.com/Anthony-Bible/password-exchange/app/internal/domains/storage/adapters/secondary/mysql/adapter.go:345.2,349.12 2 1
github.com/Anthony-Bible/password-exchange/app/internal/domains/storage/adapters/secondary/mysql/adapter.go:353.97,354.40 1 1
github.com/Anthony-Bible/password-exchange/app/internal/domains/storage/adapters/secondary/mysql/adapter.go:354.40,356.3 1 1
github.com/Anthony-Bible/password-exchange/app/internal/domains/storage/adapters/secondary/mysql/adapter.go:358.2,362.16 3 1
github.com/Anthony-Bible/password-exchange/app/internal/domains/storage/adapters/secondary/mysql/adapter.go:362.16,365.3 2 0
github.com/Anthony-Bible/password-exchange/app/internal/domains/storage/adapters/secondary/mysql/adapter.go:366.2,369.18 3 1
github.com/Anthony-Bible/password-exchange/app/internal/domains/storage/adapters/secondary/mysql/adapter.go:369.18,372.17 3 1
github.com/Anthony-Bible/password-exchange/app/internal/domains/storage/adapters/secondary/mysql/adapter.go:372.17,375.4 2 0
github.com/Anthony-Bible/password-exchange/app/internal/domains/storage/adapters/secondary/mysql/adapter.go:376.3,376.36 1 1
github.com/Anthony-Bible/password-exchange/app/internal/domains/storage/adapters/secondary/mysql/adapter.go:379.2,379.34 1 1
github.com/Anthony-Bible/password-exchange/app/internal/domains/storage/adapters/secondary/mysql/adapter.go:379.34,382.3 2 0
github.com/Anthony-Bible/password-exchange/app/internal/domains/storage/adapters/secondary/mysql/adapter.go:384.2,385.21 2 1
github.com/Anthony-Bible/password-exchange/app/internal/domains/storage/adapters/secondary/mysql/adapter.go:391.56,392.40 1 1
github.com/Anthony-Bible/password-exchange/app/internal/domains/storage/adapters/secondary/mysql/adapter.go:392.40,394.3 1 1
github.com/Anthony-Bible/password-exchange/app/internal/domains/storage/adapters/secondary/mysql/adapter.go:395.2,395.46 1 1
github.com/Anthony-Bible/password-exchange/app/internal/domains/storage/adapters/secondary/mysql/adapter.go:395.46,397.3 1 1
github.com/Anthony-Bible/password-exchange/app/internal/domains/storage/adapters/secondary/mysql/adapter.go:398.2,398.12 1 1
github.com/Anthony-Bible/password-exchange/app/internal/domains/storage/adapters/secondary/mysql/adapter.go:404.38,405.43 1 1
github.com/Anthony-Bible/password-exchange/app/internal/domains/storage/adapters/secondary/mysql/adapter.go:405.43,407.3 1 1
github.com/Anthony-Bible/password-exchange/app/internal/domains/storage/adapters/secondary/mysql/adapter.go:408.2,408.17 1 1
github.com/Anthony-Bible/password-exchange/app/internal/domains/storage/adapters/secondary/mysql/adapter.go:408.17,410.3 1 0
github.com/Anthony-Bible/password-exchange/app/internal/domains/storage/adapters/secondary/mysql/adapter.go:411.2,411.37 1 1
github.com/Anthony-Bible/password-exchange/app/internal/domains/storage/adapters/secondary/mysql/adapter.go:411.37,414.3 2 0
github.com/Anthony-Bible/password-exchange/app/internal/domains/storage/adapters/secondary/mysql/adapter.go:415.2,416.12 2 1
github.com/Anthony-Bible/password-exchange/app/internal/domains/storage/adapters/secondary/mysql/upload_session.go:28.104,29.40 1 1
github.com/Anthony-Bible/password-exchange/app/internal/domains/storage/adapters/secondary/mysql/upload_session.go:29.40,31.3 1 0
github.com/Anthony-Bible/password-exchange/app/internal/domains/storage/adapters/secondary/mysql/upload_session.go:33.2,34.16 2 1
github.com/Anthony-Bible/password-exchange/app/internal/domains/storage/adapters/secondary/mysql/upload_session.go:34.16,36.3 1 0
github.com/Anthony-Bible/password-exchange/app/internal/domains/storage/adapters/secondary/mysql/upload_session.go:38.2,59.16 3 1
github.com/Anthony-Bible/password-exchange/app/internal/domains/storage/adapters/secondary/mysql/upload_session.go:59.16,61.59 2 1
github.com/Anthony-Bible/password-exchange/app/internal/domains/storage/adapters/secondary/mysql/upload_session.go:61.59,63.4 1 1
github.com/Anthony-Bible/password-exchange/app/internal/domains/storage/adapters/secondary/mysql/upload_session.go:64.3,65.64 2 1
github.com/Anthony-Bible/password-exchange/app/internal/domains/storage/adapters/secondary/mysql/upload_session.go:68.2,69.12 2 1
github.com/Anthony-Bible/password-exchange/app/internal/domains/storage/adapters/secondary/mysql/upload_session.go:75.107,76.40 1 1
github.com/Anthony-Bible/password-exchange/app/internal/domains/storage/adapters/secondary/mysql/upload_session.go:76.40,78.3 1 0
github.com/Anthony-Bible/password-exchange/app/internal/domains/storage/adapters/secondary/mysql/upload_session.go:80.2,86.35 4 1
github.com/Anthony-Bible/password-exchange/app/internal/domains/storage/adapters/secondary/mysql/upload_session.go:86.35,88.3 1 1
github.com/Anthony-Bible/password-exchange/app/internal/domains/storage/adapters/secondary/mysql/upload_session.go:89.2,89.16 1 1
github.com/Anthony-Bible/password-exchange/app/internal/domains/storage/adapters/secondary/mysql/upload_session.go:89.16,92.3 2 0
github.com/Anthony-Bible/password-exchange/app/internal/domains/storage/adapters/secondary/mysql/upload_session.go:94.2,94.21 1 1
github.com/Anthony-Bible/password-exchange/app/internal/domains/storage/adapters/secondary/mysql/upload_session.go:101.120,102.40 1 1
github.com/Anthony-Bible/password-exchange/app/internal/domains/storage/adapters/secondary/mysql/upload_session.go:102.40,104.3 1 0
github.com/Anthony-Bible/password-exchange/app/internal/domains/storage/adapters/secondary/mysql/upload_session.go:106.2,107.16 2 1
github.com/Anthony-Bible/password-exchange/app/internal/domains/storage/adapters/secondary/mysql/upload_session.go:107.16,109.3 1 0
github.com/Anthony-Bible/password-exchange/app/internal/domains/storage/adapters/secondary/mysql/upload_session.go:110.2,110.15 1 1
github.com/Anthony-Bible/password-exchange/app/internal/domains/storage/adapters/secondary/mysql/upload_session.go:110.15,112.3 1 1
github.com/Anthony-Bible/password-exchange/app/internal/domains/storage/adapters/secondary/mysql/upload_session.go:114.2,120.35 4 1
github.com/Anthony-Bible/password-exchange/app/internal/domains/storage/adapters/secondary/mysql/upload_session.go:120.35,122.3 1 0
github.com/Anthony-Bible/password-exchange/app/internal/domains/storage/adapters/secondary/mysql/upload_session.go:123.2,123.16 1 1
github.com/Anthony-Bible/password-exchange/app/internal/domains/storage/adapters/secondary/mysql/upload_session.go:123.16,126.3 2 1
github.com/Anthony-Bible/password-exchange/app/internal/domains/storage/adapters/secondary/mysql/upload_session.go:128.2,130.16 3 1
github.com/Anthony-Bible/password-exchange/app/internal/domains/storage/adapters/secondary/mysql/upload_session.go:130.16,132.3 1 0
github.com/Anthony-Bible/password-exchange/app/internal/domains/storage/adapters/secondary/mysql/upload_session.go:134.2,136.16 3 1
github.com/Anthony-Bible/password-exchange/app/internal/domains/storage/adapters/secondary/mysql/upload_session.go:136.16,139.3 2 1
github.com/Anthony-Bible/password-exchange/app/internal/domains/storage/adapters/secondary/mysql/upload_session.go:141.2,141.36 1 1
github.com/Anthony-Bible/password-exchange/app/internal/domains/storage/adapters/secondary/mysql/upload_session.go:141.36,143.3 1 0
github.com/Anthony-Bible/password-exchange/app/internal/domains/storage/adapters/secondary/mysql/upload_session.go:145.2,145.12 1 1
github.com/Anthony-Bible/password-exchange/app/internal/domains/storage/adapters/secondary/mysql/upload_session.go:152.91,153.40 1 1
github.com/Anthony-Bible/password-exchange/app/internal/domains/storage/adapters/secondary/mysql/upload_session.go:153.40,155.3 1 0
github.com/Anthony-Bible/password-exchange/app/internal/domains/storage/adapters/secondary/mysql/upload_session.go:157.2,159.16 3 1
github.com/Anthony-Bible/password-exchange/app/internal/domains/storage/adapters/secondary/mysql/upload_session.go:159.16,162.3 2 0
github.com/Anthony-Bible/password-exchange/app/internal/domains/storage/adapters/secondary/mysql/upload_session.go:164.2,165.16 2 1
github.com/Anthony-Bible/password-exchange/app/internal/domains/storage/adapters/secondary/mysql/upload_session.go:165.16,167.3 1 0
github.com/Anthony-Bible/password-exchange/app/internal/domains/storage/adapters/secondary/mysql/upload_session.go:168.2,168.12 1 1
github.com/Anthony-Bible/password-exchange/app/internal/domains/storage/adapters/secondary/mysql/upload_session.go:168.12,170.3 1 1
github.com/Anthony-Bible/password-exchange/app/internal/domains/storage/adapters/secondary/mysql/upload_session.go:172.2,173.12 2 1
github.com/Anthony-Bible/password-exchange/app/internal/domains/storage/adapters/secondary/mysql/upload_session.go:179.89,180.40 1 1
github.com/Anthony-Bible/password-exchange/app/internal/domains/storage/adapters/secondary/mysql/upload_session.go:180.40,182.3 1 0
github.com/Anthony-Bible/password-exchange/app/internal/domains/storage/adapters/secondary/mysql/upload_session.go:184.2,186.16 3 1
github.com/Anthony-Bible/password-exchange/app/internal/domains/storage/adapters/secondary/mysql/upload_session.go:186.16,189.3 2 0
github.com/Anthony-Bible/password-exchange/app/internal/domains/storage/adapters/secondary/mysql/upload_session.go:191.2,191.12 1 1
github.com/Anthony-Bible/password-exchange/app/internal/domains/storage/adapters/secondary/mysql/upload_session.go:198.124,199.40 1 1
github.com/Anthony-Bible/password-exchange/app/internal/domains/storage/adapters/secondary/mysql/upload_session.go:199.40,201.3 1 0
github.com/Anthony-Bible/password-exchange/app/internal/domains/storage/adapters/secondary/mysql/upload_session.go:203.2,207.16 3 1
github.com/Anthony-Bible/password-exchange/app/internal/domains/storage/adapters/secondary/mysql/upload_session.go:207.16,209.3 1 0
github.com/Anthony-Bible/password-exchange/app/internal/domains/storage/adapters/secondary/mysql/upload_session.go:210.2,210.15 1 1
github.com/Anthony-Bible/password-exchange/app/internal/domains/storage/adapters/secondary/mysql/upload_session.go:210.15,210.35 1 1
github.com/Anthony-Bible/password-exchange/app/internal/domains/storage/adapters/secondary/mysql/upload_session.go:212.2,213.18 2 1
github.com/Anthony-Bible/password-exchange/app/internal/domains/storage/adapters/secondary/mysql/upload_session.go:213.18,215.17 2 1
github.com/Anthony-Bible/password-exchange/app/internal/domains/storage/adapters/secondary/mysql/upload_session.go:215.17,217.4 1 0
github.com/Anthony-Bible/password-exchange/app/internal/domains/storage/adapters/secondary/mysql/upload_session.go:218.3,218.38 1 1
github.com/Anthony-Bible/password-exchange/app/internal/domains/storage/adapters/secondary/mysql/upload_session.go:220.2,220.35 1 1
github.com/Anthony-Bible/password-exchange/app/internal/domains/storage/adapters/secondary/mysql/upload_session.go:220.35,222.3 1 0
github.com/Anthony-Bible/password-exchange/app/internal/domains/storage/adapters/secondary/mysql/upload_session.go:224.2,225.87 2 1
github.com/Anthony-Bible/password-exchange/app/internal/domains/storage/adapters/secondary/mysql/upload_session.go:225.87,227.3 1 0
github.com/Anthony-Bible/password-exchange/app/internal/domains/storage/adapters/secondary/mysql/upload_session.go:229.2,230.21 2 1
github.com/Anthony-Bible/password-exchange/app/internal/domains/storage/adapters/secondary/mysql/upload_session.go:236.72,259.16 3 1
github.com/Anthony-Bible/password-exchange/app/internal/domains/storage/adapters/secondary/mysql/upload_session.go:259.16,261.3 1 1
github.com/Anthony-Bible/password-exchange/app/internal/domains/storage/adapters/secondary/mysql/upload_session.go:262.2,265.77 4 1
github.com/Anthony-Bible/password-exchange/app/internal/domains/storage/adapters/secondary/mysql/upload_session.go:265.77,267.3 1 0
github.com/Anthony-Bible/password-exchange/app/internal/domains/storage/adapters/secondary/mysql/upload_session.go:268.2,268.16 1 1
github.com/Anthony-Bible/password-exchange/app/internal/domains/storage/adapters/secondary/mysql/upload_session.go:272.77,295.16 3 1
github.com/Anthony-Bible/password-exchange/app/internal/domains/storage/adapters/secondary/mysql/upload_session.go:295.16,297.3 1 0
github.com/Anthony-Bible/password-exchange/app/internal/domains/storage/adapters/secondary/mysql/upload_session.go:298.2,301.77 4 1
github.com/Anthony-Bible/password-exchange/app/internal/domains/storage/adapters/secondary/mysql/upload_session.go:301.77,303.3 1 0
github.com/Anthony-Bible/password-exchange/app/internal/domains/storage/adapters/secondary/mysql/upload_session.go:304.2,304.16 1 1
github.com/Anthony-Bible/password-exchange/app/internal/domains/storage/adapters/secondary/mysql/upload_session.go:309.85,310.18 1 1
github.com/Anthony-Bible/password-exchange/app/internal/domains/storage/adapters/secondary/mysql/upload_session.go:310.18,312.3 1 1
github.com/Anthony-Bible/password-exchange/app/internal/domains/storage/adapters/secondary/mysql/upload_session.go:313.2,314.16 2 1
github.com/Anthony-Bible/password-exchange/app/internal/domains/storage/adapters/secondary/mysql/upload_session.go:314.16,316.3 1 0
github.com/Anthony-Bible/password-exchange/app/internal/domains/storage/adapters/secondary/mysql/upload_session.go:317.2,317.23 1 1
github.com/Anthony-Bible/password-exchange/app/internal/domains/storage/adapters/secondary/mysql/upload_session.go:322.133,325.29 3 1
github.com/Anthony-Bible/password-exchange/app/internal/domains/storage/adapters/secondary/mysql/upload_session.go:325.29,326.38 1 0
github.com/Anthony-Bible/password-exchange/app/internal/domains/storage/adapters/secondary/mysql/upload_session.go:326.38,329.4 2 0
github.com/Anthony-Bible/password-exchange/app/internal/domains/storage/adapters/secondary/mysql/upload_session.go:329.9,331.4 1 0
github.com/Anthony-Bible/password-exchange/app/internal/domains/storage/adapters/secondary/mysql/upload_session.go:333.2,333.15 1 1
github.com/Anthony-Bible/password-exchange/app/internal/domains/storage/adapters/secondary/mysql/upload_session.go:333.15,335.3 1 1
github.com/Anthony-Bible/password-exchange/app/internal/domains/storage/adapters/secondary/mysql/upload_session.go:336.2,336.15 1 1
github.com/Anthony-Bible/password-exchange/app/internal/domains/storage/adapters/primary/grpc/server.go:39.43,40.16 1 1
github.com/Anthony-Bible/password-exchange/app/internal/domains/storage/adapters/primary/grpc/server.go:40.16,42.3 1 0
github.com/Anthony-Bible/password-exchange/app/internal/domains/storage/adapters/primary/grpc/server.go:43.2,43.9 1 1
github.com/Anthony-Bible/password-exchange/app/internal/domains/storage/adapters/primary/grpc/server.go:49.49,50.58 1 1
github.com/Anthony-Bible/password-exchange/app/internal/domains/storage/adapters/primary/grpc/server.go:51.49,52.51 1 1
github.com/Anthony-Bible/password-exchange/app/internal/domains/storage/adapters/primary/grpc/server.go:54.2,54.12 1 1
github.com/Anthony-Bible/password-exchange/app/internal/domains/storage/adapters/primary/grpc/server.go:77.15,84.2 1 1
github.com/Anthony-Bible/password-exchange/app/internal/domains/storage/adapters/primary/grpc/server.go:87.107,89.16 2 1
github.com/Anthony-Bible/password-exchange/app/internal/domains/storage/adapters/primary/grpc/server.go:89.16,91.3 1 1
github.com/Anthony-Bible/password-exchange/app/internal/domains/storage/adapters/primary/grpc/server.go:92.2,92.22 1 1
github.com/Anthony-Bible/password-exchange/app/internal/domains/storage/adapters/primary/grpc/server.go:92.22,94.21 2 1
github.com/Anthony-Bible/password-exchange/app/internal/domains/storage/adapters/primary/grpc/server.go:94.21,96.4 1 1
github.com/Anthony-Bible/password-exchange/app/internal/domains/storage/adapters/primary/grpc/server.go:97.3,97.40 1 1
github.com/Anthony-Bible/password-exchange/app/internal/domains/storage/adapters/primary/grpc/server.go:97.40,99.4 1 1
github.com/Anthony-Bible/password-exchange/app/internal/domains/storage/adapters/primary/grpc/server.go:102.2,112.16 3 1
github.com/Anthony-Bible/password-exchange/app/internal/domains/storage/adapters/primary/grpc/server.go:112.16,115.3 2 1
github.com/Anthony-Bible/password-exchange/app/internal/domains/storage/adapters/primary/grpc/server.go:117.2,122.30 2 1
github.com/Anthony-Bible/password-exchange/app/internal/domains/storage/adapters/primary/grpc/server.go:128.51,129.13 1 1
github.com/Anthony-Bible/password-exchange/app/internal/domains/storage/adapters/primary/grpc/server.go:129.13,131.3 1 1
github.com/Anthony-Bible/password-exchange/app/internal/domains/storage/adapters/primary/grpc/server.go:132.2,133.16 2 1
github.com/Anthony-Bible/password-exchange/app/internal/domains/storage/adapters/primary/grpc/server.go:133.16,135.3 1 1
github.com/Anthony-Bible/password-exchange/app/internal/domains/storage/adapters/primary/grpc/server.go:136.2,136.16 1 1
github.com/Anthony-Bible/password-exchange/app/internal/domains/storage/adapters/primary/grpc/server.go:140.38,141.14 1 0
github.com/Anthony-Bible/password-exchange/app/internal/domains/storage/adapters/primary/grpc/server.go:141.14,143.3 1 0
github.com/Anthony-Bible/password-exchange/app/internal/domains/storage/adapters/primary/grpc/server.go:144.2,144.37 1 0
github.com/Anthony-Bible/password-exchange/app/internal/domains/storage/adapters/primary/grpc/server.go:148.117,150.16 2 1
github.com/Anthony-Bible/password-exchange/app/internal/domains/storage/adapters/primary/grpc/server.go:150.16,153.3 2 1
github.com/Anthony-Bible/password-exchange/app/internal/domains/storage/adapters/primary/grpc/server.go:155.2,167.22 3 0
github.com/Anthony-Bible/password-exchange/app/internal/domains/storage/adapters/primary/grpc/server.go:174.37,176.16 2 1
github.com/Anthony-Bible/password-exchange/app/internal/domains/storage/adapters/primary/grpc/server.go:176.16,182.3 2 1
github.com/Anthony-Bible/password-exchange/app/internal/domains/storage/adapters/primary/grpc/server.go:184.2,196.22 3 0
github.com/Anthony-Bible/password-exchange/app/internal/domains/storage/adapters/primary/grpc/server.go:203.50,210.16 2 1
github.com/Anthony-Bible/password-exchange/app/internal/domains/storage/adapters/primary/grpc/server.go:210.16,213.3 2 1
github.com/Anthony-Bible/password-exchange/app/internal/domains/storage/adapters/primary/grpc/server.go:215.2,216.31 2 1
github.com/Anthony-Bible/password-exchange/app/internal/domains/storage/adapters/primary/grpc/server.go:216.31,224.3 1 1
github.com/Anthony-Bible/password-exchange/app/internal/domains/storage/adapters/primary/grpc/server.go:226.2,227.79 2 1
github.com/Anthony-Bible/password-exchange/app/internal/domains/storage/adapters/primary/grpc/server.go:234.27,236.16 2 1
github.com/Anthony-Bible/password-exchange/app/internal/domains/storage/adapters/primary/grpc/server.go:236.16,243.3 2 1
github.com/Anthony-Bible/password-exchange/app/internal/domains/storage/adapters/primary/grpc/server.go:245.2,249.30 2 1
github.com/Anthony-Bible/password-exchange/app/internal/domains/storage/adapters/primary/grpc/server.go:256.49,258.16 2 1
github.com/Anthony-Bible/password-exchange/app/internal/domains/storage/adapters/primary/grpc/server.go:258.16,261.3 2 1
github.com/Anthony-Bible/password-exchange/app/internal/domains/storage/adapters/primary/grpc/server.go:263.2,264.32 2 1
github.com/Anthony-Bible/password-exchange/app/internal/domains/storage/adapters/primary/grpc/server.go:264.32,271.3 1 1
github.com/Anthony-Bible/password-exchange/app/internal/domains/storage/adapters/primary/grpc/server.go:273.2,277.68 2 1
github.com/Anthony-Bible/password-exchange/app/internal/domains/storage/adapters/primary/grpc/server.go:282.68,286.6 3 0
github.com/Anthony-Bible/password-exchange/app/internal/domains/storage/adapters/primary/grpc/server.go:286.6,287.10 1 0
github.com/Anthony-Bible/password-exchange/app/internal/domains/storage/adapters/primary/grpc/server.go:288.21,289.10 1 0
github.com/Anthony-Bible/password-exchange/app/internal/domains/storage/adapters/primary/grpc/server.go:290.19,291.71 1 0
github.com/Anthony-Bible/password-exchange/app/internal/domains/storage/adapters/primary/grpc/server.go:291.71,293.5 1 0
github.com/Anthony-Bible/password-exchange/app/internal/domains/storage/adapters/primary/grpc/server.go:302.83,307.2 4 1
github.com/Anthony-Bible/password-exchange/app/internal/domains/storage/adapters/primary/grpc/server.go:317.3,320.63 3 1
github.com/Anthony-Bible/password-exchange/app/internal/domains/storage/adapters/primary/grpc/server.go:320.63,324.3 3 1
github.com/Anthony-Bible/password-exchange/app/internal/domains/storage/adapters/primary/grpc/server.go:325.2,325.76 1 1
github.com/Anthony-Bible/password-exchange/app/internal/domains/storage/adapters/primary/grpc/server.go:336.3,342.6 4 1
github.com/Anthony-Bible/password-exchange/app/internal/domains/storage/adapters/primary/grpc/server.go:342.6,343.10 1 1
github.com/Anthony-Bible/password-exchange/app/internal/domains/storage/adapters/primary/grpc/server.go:344.21,345.10 1 1
github.com/Anthony-Bible/password-exchange/app/internal/domains/storage/adapters/primary/grpc/server.go:346.19,347.49 1 0
github.com/Anthony-Bible/password-exchange/app/internal/domains/storage/adapters/primary/grpc/server.go:354.36,356.16 2 0
github.com/Anthony-Bible/password-exchange/app/internal/domains/storage/adapters/primary/grpc/server.go:356.16,359.3 2 0
github.com/Anthony-Bible/password-exchange/app/internal/domains/storage/adapters/primary/grpc/server.go:361.2,375.46 10 0
github.com/Anthony-Bible/password-exchange/app/internal/domains/storage/adapters/primary/grpc/server.go:375.46,378.3 2 0
github.com/Anthony-Bible/password-exchange/app/internal/domains/storage/adapters/primary/grpc/server.go:380.2,380.12 1 0
github.com/Anthony-Bible/password-exchange/app/internal/domains/storage/adapters/primary/grpc/upload_session.go:18.79,19.14 1 1
github.com/Anthony-Bible/password-exchange/app/internal/domains/storage/adapters/primary/grpc/upload_session.go:19.14,21.3 1 0
github.com/Anthony-Bible/password-exchange/app/internal/domains/storage/adapters/primary/grpc/upload_session.go:22.2,23.37 2 1
github.com/Anthony-Bible/password-exchange/app/internal/domains/storage/adapters/primary/grpc/upload_session.go:23.37,28.3 1 0
github.com/Anthony-Bible/password-exchange/app/internal/domains/storage/adapters/primary/grpc/upload_session.go:29.2,43.3 1 1
github.com/Anthony-Bible/password-exchange/app/internal/domains/storage/adapters/primary/grpc/upload_session.go:47.89,48.14 1 1
github.com/Anthony-Bible/password-exchange/app/internal/domains/storage/adapters/primary/grpc/upload_session.go:48.14,50.3 1 0
github.com/Anthony-Bible/password-exchange/app/internal/domains/storage/adapters/primary/grpc/upload_session.go:51.2,52.16 2 1
github.com/Anthony-Bible/password-exchange/app/internal/domains/storage/adapters/primary/grpc/upload_session.go:52.16,54.3 1 0
github.com/Anthony-Bible/password-exchange/app/internal/domains/storage/adapters/primary/grpc/upload_session.go:55.2,56.16 2 1
github.com/Anthony-Bible/password-exchange/app/internal/domains/storage/adapters/primary/grpc/upload_session.go:56.16,58.3 1 0
github.com/Anthony-Bible/password-exchange/app/internal/domains/storage/adapters/primary/grpc/upload_session.go:60.2,61.43 2 1
github.com/Anthony-Bible/password-exchange/app/internal/domains/storage/adapters/primary/grpc/upload_session.go:61.43,66.3 1 0
github.com/Anthony-Bible/password-exchange/app/internal/domains/storage/adapters/primary/grpc/upload_session.go:68.2,82.8 1 1
github.com/Anthony-Bible/password-exchange/app/internal/domains/storage/adapters/primary/grpc/upload_session.go:87.56,88.13 1 1
github.com/Anthony-Bible/password-exchange/app/internal/domains/storage/adapters/primary/grpc/upload_session.go:88.13,90.3 1 0
github.com/Anthony-Bible/password-exchange/app/internal/domains/storage/adapters/primary/grpc/upload_session.go:91.2,92.16 2 1
github.com/Anthony-Bible/password-exchange/app/internal/domains/storage/adapters/primary/grpc/upload_session.go:92.16,94.3 1 0
github.com/Anthony-Bible/password-exchange/app/internal/domains/storage/adapters/primary/grpc/upload_session.go:95.2,95.15 1 1
github.com/Anthony-Bible/password-exchange/app/internal/domains/storage/adapters/primary/grpc/upload_session.go:100.56,101.16 1 1
github.com/Anthony-Bible/password-exchange/app/internal/domains/storage/adapters/primary/grpc/upload_session.go:101.16,103.3 1 0
github.com/Anthony-Bible/password-exchange/app/internal/domains/storage/adapters/primary/grpc/upload_session.go:104.2,104.9 1 1
github.com/Anthony-Bible/password-exchange/app/internal/domains/storage/adapters/primary/grpc/upload_session.go:105.55,106.51 1 1
github.com/Anthony-Bible/password-exchange/app/internal/domains/storage/adapters/primary/grpc/upload_session.go:107.60,108.56 1 0
github.com/Anthony-Bible/password-exchange/app/internal/domains/storage/adapters/primary/grpc/upload_session.go:109.50,110.58 1 0
github.com/Anthony-Bible/password-exchange/app/internal/domains/storage/adapters/primary/grpc/upload_session.go:112.2,112.12 1 0
github.com/Anthony-Bible/password-exchange/app/internal/domains/storage/adapters/primary/grpc/upload_session.go:119.27,120.29 1 1
github.com/Anthony-Bible/password-exchange/app/internal/domains/storage/adapters/primary/grpc/upload_session.go:120.29,122.3 1 1
github.com/Anthony-Bible/password-exchange/app/internal/domains/storage/adapters/primary/grpc/upload_session.go:124.2,125.16 2 1
github.com/Anthony-Bible/password-exchange/app/internal/domains/storage/adapters/primary/grpc/upload_session.go:125.16,127.3 1 0
github.com/Anthony-Bible/password-exchange/app/internal/domains/storage/adapters/primary/grpc/upload_session.go:129.2,129.72 1 1
github.com/Anthony-Bible/password-exchange/app/internal/domains/storage/adapters/primary/grpc/upload_session.go:129.72,132.3 2 0
github.com/Anthony-Bible/password-exchange/app/internal/domains/storage/adapters/primary/grpc/upload_session.go:134.2,135.30 2 1
github.com/Anthony-Bible/password-exchange/app/internal/domains/storage/adapters/primary/grpc/upload_session.go:143.47,145.14 2 1
github.com/Anthony-Bible/password-exchange/app/internal/domains/storage/adapters/primary/grpc/upload_session.go:145.14,147.3 1 1
github.com/Anthony-Bible/password-exchange/app/internal/domains/storage/adapters/primary/grpc/upload_session.go:148.2,148.14 1 1
github.com/Anthony-Bible/password-exchange/app/internal/domains/storage/adapters/primary/grpc/upload_session.go:148.14,150.3 1 1
github.com/Anthony-Bible/password-exchange/app/internal/domains/storage/adapters/primary/grpc/upload_session.go:152.2,153.16 2 1
github.com/Anthony-Bible/password-exchange/app/internal/domains/storage/adapters/primary/grpc/upload_session.go:153.16,156.3 2 1
github.com/Anthony-Bible/password-exchange/app/internal/domains/storage/adapters/primary/grpc/upload_session.go:158.2,159.85 2 1
github.com/Anthony-Bible/password-exchange/app/internal/domains/storage/adapters/primary/grpc/upload_session.go:166.27,168.21 2 0
github.com/Anthony-Bible/password-exchange/app/internal/domains/storage/adapters/primary/grpc/upload_session.go:168.21,170.3 1 0
github.com/Anthony-Bible/password-exchange/app/internal/domains/storage/adapters/primary/grpc/upload_session.go:171.2,171.26 1 0
github.com/Anthony-Bible/password-exchange/app/internal/domains/storage/adapters/primary/grpc/upload_session.go:171.26,173.3 1 0
github.com/Anthony-Bible/password-exchange/app/internal/domains/storage/adapters/primary/grpc/upload_session.go:175.2,180.80 2 0
github.com/Anthony-Bible/password-exchange/app/internal/domains/storage/adapters/primary/grpc/upload_session.go:180.80,183.3 2 0
github.com/Anthony-Bible/password-exchange/app/internal/domains/storage/adapters/primary/grpc/upload_session.go:185.2,186.30 2 0
github.com/Anthony-Bible/password-exchange/app/internal/domains/storage/adapters/primary/grpc/upload_session.go:193.27,195.21 2 1
github.com/Anthony-Bible/password-exchange/app/internal/domains/storage/adapters/primary/grpc/upload_session.go:195.21,197.3 1 0
github.com/Anthony-Bible/password-exchange/app/internal/domains/storage/adapters/primary/grpc/upload_session.go:199.2,199.79 1 1
github.com/Anthony-Bible/password-exchange/app/internal/domains/storage/adapters/primary/grpc/upload_session.go:199.79,202.3 2 1
github.com/Anthony-Bible/password-exchange/app/internal/domains/storage/adapters/primary/grpc/upload_session.go:204.2,205.30 2 0
github.com/Anthony-Bible/password-exchange/app/internal/domains/storage/adapters/primary/grpc/upload_session.go:212.27,214.21 2 0
github.com/Anthony-Bible/password-exchange/app/internal/domains/storage/adapters/primary/grpc/upload_session.go:214.21,216.3 1 0
github.com/Anthony-Bible/password-exchange/app/internal/domains/storage/adapters/primary/grpc/upload_session.go:218.2,218.77 1 0
github.com/Anthony-Bible/password-exchange/app/internal/domains/storage/adapters/primary/grpc/upload_session.go:218.77,221.3 2 0
github.com/Anthony-Bible/password-exchange/app/internal/domains/storage/adapters/primary/grpc/upload_session.go:223.2,224.30 2 0
github.com/Anthony-Bible/password-exchange/app/internal/domains/storage/adapters/primary/grpc/upload_session.go:232.58,234.16 2 1
github.com/Anthony-Bible/password-exchange/app/internal/domains/storage/adapters/primary/grpc/upload_session.go:234.16,236.3 1 0
github.com/Anthony-Bible/password-exchange/app/internal/domains/storage/adapters/primary/grpc/upload_session.go:237.2,237.19 1 1
github.com/Anthony-Bible/password-exchange/app/internal/domains/storage/adapters/primary/grpc/upload_session.go:237.19,239.3 1 0
github.com/Anthony-Bible/password-exchange/app/internal/domains/storage/adapters/primary/grpc/upload_session.go:241.2,242.16 2 1
github.com/Anthony-Bible/password-exchange/app/internal/domains/storage/adapters/primary/grpc/upload_session.go:242.16,245.3 2 0
github.com/Anthony-Bible/password-exchange/app/internal/domains/storage/adapters/primary/grpc/upload_session.go:247.2,248.25 2 1
github.com/Anthony-Bible/password-exchange/app/internal/domains/storage/adapters/primary/grpc/upload_session.go:248.25,250.3 1 1
github.com/Anthony-Bible/password-exchange/app/internal/domains/storage/adapters/primary/grpc/upload_session.go:252.2,253.83 2 1
github.com/Anthony-Bible/password-exchange/app/internal/domains/storage/domain/service.go:26.19,32.2 1 1
github.com/Anthony-Bible/password-exchange/app/internal/domains/storage/domain/service.go:35.94,37.20 1 1
github.com/Anthony-Bible/password-exchange/app/internal/domains/storage/domain/service.go:37.20,40.3 2 1
github.com/Anthony-Bible/password-exchange/app/internal/domains/storage/domain/service.go:41.2,41.27 1 1
github.com/Anthony-Bible/password-exchange/app/internal/domains/storage/domain/service.go:41.27,44.3 2 1
github.com/Anthony-Bible/password-exchange/app/internal/domains/storage/domain/service.go:45.2,45.28 1 1
github.com/Anthony-Bible/password-exchange/app/internal/domains/storage/domain/service.go:45.28,48.3 2 1
github.com/Anthony-Bible/password-exchange/app/internal/domains/storage/domain/service.go:53.2,53.30 1 1
github.com/Anthony-Bible/password-exchange/app/internal/domains/storage/domain/service.go:53.30,56.3 2 1
github.com/Anthony-Bible/password-exchange/app/internal/domains/storage/domain/service.go:59.2,59.44 1 1
github.com/Anthony-Bible/password-exchange/app/internal/domains/storage/domain/service.go:63.108,65.20 1 1
github.com/Anthony-Bible/password-exchange/app/internal/domains/storage/domain/service.go:65.20,68.3 2 1
github.com/Anthony-Bible/password-exchange/app/internal/domains/storage/domain/service.go:71.2,72.16 2 1
github.com/Anthony-Bible/password-exchange/app/internal/domains/storage/domain/service.go:72.16,75.3 2 1
github.com/Anthony-Bible/password-exchange/app/internal/domains/storage/domain/service.go:77.2,78.21 2 1
github.com/Anthony-Bible/password-exchange/app/internal/domains/storage/domain/service.go:82.103,84.20 1 1
github.com/Anthony-Bible/password-exchange/app/internal/domains/storage/domain/service.go:84.20,87.3 2 1
github.com/Anthony-Bible/password-exchange/app/internal/domains/storage/domain/service.go:90.2,91.16 2 1
github.com/Anthony-Bible/password-exchange/app/internal/domains/storage/domain/service.go:91.16,94.3 2 1
github.com/Anthony-Bible/password-exchange/app/internal/domains/storage/domain/service.go:96.2,97.21 2 1
github.com/Anthony-Bible/password-exchange/app/internal/domains/storage/domain/service.go:101.76,104.2 2 1
github.com/Anthony-Bible/password-exchange/app/internal/domains/storage/domain/service.go:107.174,109.24 1 1
github.com/Anthony-Bible/password-exchange/app/internal/domains/storage/domain/service.go:109.24,112.3 2 1
github.com/Anthony-Bible/password-exchange/app/internal/domains/storage/domain/service.go:113.2,113.22 1 1
github.com/Anthony-Bible/password-exchange/app/internal/domains/storage/domain/service.go:113.22,116.3 2 1
github.com/Anthony-Bible/password-exchange/app/internal/domains/storage/domain/service.go:117.2,117.31 1 1
github.com/Anthony-Bible/password-exchange/app/internal/domains/storage/domain/service.go:117.31,120.3 2 1
github.com/Anthony-Bible/password-exchange/app/internal/domains/storage/domain/service.go:123.2,124.16 2 1
github.com/Anthony-Bible/password-exchange/app/internal/domains/storage/domain/service.go:124.16,127.3 2 0
github.com/Anthony-Bible/password-exchange/app/internal/domains/storage/domain/service.go:129.2,130.22 2 1
github.com/Anthony-Bible/password-exchange/app/internal/domains/storage/domain/service.go:134.105,136.19 1 1
github.com/Anthony-Bible/password-exchange/app/internal/domains/storage/domain/service.go:136.19,139.3 2 1
github.com/Anthony-Bible/password-exchange/app/internal/domains/storage/domain/service.go:140.2,140.24 1 1
github.com/Anthony-Bible/password-exchange/app/internal/domains/storage/domain/service.go:140.24,143.3 2 1
github.com/Anthony-Bible/password-exchange/app/internal/domains/storage/domain/service.go:146.2,147.16 2 1
github.com/Anthony-Bible/password-exchange/app/internal/domains/storage/domain/service.go:147.16,150.3 2 0
github.com/Anthony-Bible/password-exchange/app/internal/domains/storage/domain/service.go:152.2,153.12 2 1
github.com/Anthony-Bible/password-exchange/app/internal/domains/storage/domain/service.go:157.120,159.19 1 1
github.com/Anthony-Bible/password-exchange/app/internal/domains/storage/domain/service.go:159.19,162.3 2 1
github.com/Anthony-Bible/password-exchange/app/internal/domains/storage/domain/service.go:165.2,166.16 2 1
github.com/Anthony-Bible/password-exchange/app/internal/domains/storage/domain/service.go:166.16,169.3 2 0
github.com/Anthony-Bible/password-exchange/app/internal/domains/storage/domain/service.go:171.2,172.21 2 1
github.com/Anthony-Bible/password-exchange/app/internal/domains/storage/domain/service.go:178.65,179.47 1 1
github.com/Anthony-Bible/password-exchange/app/internal/domains/storage/domain/service.go:179.47,182.3 2 1
github.com/Anthony-Bible/password-exchange/app/internal/domains/storage/domain/service.go:183.2,184.12 2 1
github.com/Anthony-Bible/password-exchange/app/internal/domains/storage/domain/service.go:188.106,189.29 1 1
github.com/Anthony-Bible/password-exchange/app/internal/domains/storage/domain/service.go:189.29,192.3 2 1
github.com/Anthony-Bible/password-exchange/app/internal/domains/storage/domain/service.go:193.2,193.55 1 1
github.com/Anthony-Bible/password-exchange/app/internal/domains/storage/domain/service.go:197.109,198.14 1 1
github.com/Anthony-Bible/password-exchange/app/internal/domains/storage/domain/service.go:198.14,201.3 2 1
github.com/Anthony-Bible/password-exchange/app/internal/domains/storage/domain/service.go:202.2,202.47 1 1
github.com/Anthony-Bible/password-exchange/app/internal/domains/storage/domain/service.go:206.122,207.21 1 1
github.com/Anthony-Bible/password-exchange/app/internal/domains/storage/domain/service.go:207.21,210.3 2 1
github.com/Anthony-Bible/password-exchange/app/internal/domains/storage/domain/service.go:211.2,211.60 1 1
github.com/Anthony-Bible/password-exchange/app/internal/domains/storage/domain/service.go:216.93,217.21 1 1
github.com/Anthony-Bible/password-exchange/app/internal/domains/storage/domain/service.go:217.21,220.3 2 1
github.com/Anthony-Bible/password-exchange/app/internal/domains/storage/domain/service.go:221.2,221.59 1 1
github.com/Anthony-Bible/password-exchange/app/internal/domains/storage/domain/service.go:225.91,226.21 1 1
github.com/Anthony-Bible/password-exchange/app/internal/domains/storage/domain/service.go:226.21,229.3 2 1
github.com/Anthony-Bible/password-exchange/app/internal/domains/storage/domain/service.go:230.2,230.57 1 1
github.com/Anthony-Bible/password-exchange/app/internal/domains/storage/domain/service.go:235.126,237.2 1 1
github.com/Anthony-Bible/password-exchange/app/internal/shared/config/config.go:61.41,68.2 1 1
github.com/Anthony-Bible/password-exchange/app/internal/shared/config/config.go:71.41,73.28 1 1
github.com/Anthony-Bible/password-exchange/app/internal/shared/config/config.go:73.28,75.3 1 1
github.com/Anthony-Bible/password-exchange/app/internal/shared/config/config.go:76.2,76.25 1 1
github.com/Anthony-Bible/password-exchange/app/internal/shared/config/config.go:76.25,78.3 1 1
github.com/Anthony-Bible/password-exchange/app/internal/shared/config/config.go:79.2,79.29 1 1
github.com/Anthony-Bible/password-exchange/app/internal/shared/config/config.go:79.29,81.3 1 1
github.com/Anthony-Bible/password-exchange/app/internal/shared/config/config.go:84.2,84.55 1 1
github.com/Anthony-Bible/password-exchange/app/internal/shared/config/config.go:84.55,86.3 1 1
github.com/Anthony-Bible/password-exchange/app/internal/shared/config/config.go:87.2,87.47 1 1
github.com/Anthony-Bible/password-exchange/app/internal/shared/config/config.go:87.47,89.3 1 1
github.com/Anthony-Bible/password-exchange/app/internal/shared/config/config.go:90.2,90.56 1 1
github.com/Anthony-Bible/password-exchange/app/internal/shared/config/config.go:90.56,92.3 1 1
github.com/Anthony-Bible/password-exchange/app/internal/shared/logging/log.go:43.58,45.2 1 1
github.com/Anthony-Bible/password-exchange/app/internal/shared/logging/log.go:47.21,47.70 1 1
github.com/Anthony-Bible/password-exchange/app/internal/shared/logging/log.go:48.21,48.69 1 1
github.com/Anthony-Bible/password-exchange/app/internal/shared/logging/log.go:49.21,49.69 1 1
github.com/Anthony-Bible/password-exchange/app/internal/shared/logging/log.go:50.21,50.70 1 1
github.com/Anthony-Bible/password-exchange/app/internal/shared/logging/log.go:51.21,55.2 3 1
github.com/Anthony-Bible/password-exchange/app/internal/shared/logging/log.go:57.46,58.16 1 1
github.com/Anthony-Bible/password-exchange/app/internal/shared/logging/log.go:58.16,60.3 1 1
github.com/Anthony-Bible/password-exchange/app/internal/shared/logging/log.go:61.2,61.10 1 1
github.com/Anthony-Bible/password-exchange/app/internal/shared/logging/log.go:64.54,67.2 2 1
github.com/Anthony-Bible/password-exchange/app/internal/shared/logging/log.go:69.58,72.2 2 1
github.com/Anthony-Bible/password-exchange/app/internal/shared/logging/log.go:74.62,77.2 2 1
github.com/Anthony-Bible/password-exchange/app/internal/shared/logging/log.go:79.62,82.2 2 1
github.com/Anthony-Bible/password-exchange/app/internal/shared/logging/log.go:84.60,87.2 2 1
github.com/Anthony-Bible/password-exchange/app/internal/shared/logging/log.go:89.68,92.2 2 1
github.com/Anthony-Bible/password-exchange/app/internal/shared/logging/log.go:94.66,97.2 2 1
github.com/Anthony-Bible/password-exchange/app/internal/shared/logging/log.go:99.64,102.2 2 1
github.com/Anthony-Bible/password-exchange/app/internal/shared/logging/log.go:104.33,106.17 2 1
github.com/Anthony-Bible/password-exchange/app/internal/shared/logging/log.go:107.29,108.37 1 1
github.com/Anthony-Bible/password-exchange/app/internal/shared/logging/log.go:109.28,110.36 1 1
github.com/Anthony-Bible/password-exchange/app/internal/shared/logging/log.go:111.28,112.36 1 1
github.com/Anthony-Bible/password-exchange/app/internal/shared/logging/log.go:113.29,114.37 1 1
github.com/Anthony-Bible/password-exchange/app/internal/shared/logging/log.go:115.10,116.44 1 0
github.com/Anthony-Bible/password-exchange/app/internal/shared/logging/log.go:118.2,118.13 1 1
github.com/Anthony-Bible/password-exchange/app/internal/shared/logging/log.go:118.13,120.3 1 1
github.com/Anthony-Bible/password-exchange/app/internal/shared/logging/log.go:123.50,125.2 1 1
github.com/Anthony-Bible/password-exchange/app/internal/shared/logging/log.go:139.29,139.52 1 0
github.com/Anthony-Bible/password-exchange/app/internal/shared/logging/log.go:141.41,141.59 1 0
github.com/Anthony-Bible/password-exchange/app/internal/shared/logging/log.go:142.41,142.58 1 0
github.com/Anthony-Bible/password-exchange/app/internal/shared/logging/log.go:143.41,143.58 1 0
github.com/Anthony-Bible/password-exchange/app/internal/shared/logging/log.go:144.41,144.59 1 0
github.com/Anthony-Bible/password-exchange/app/internal/shared/logging/log.go:145.41,145.59 1 0
github.com/Anthony-Bible/password-exchange/app/internal/shared/logging/log.go:149.29,151.51 2 1
github.com/Anthony-Bible/password-exchange/app/internal/shared/logging/log.go:152.15,153.28 1 1
github.com/Anthony-Bible/password-exchange/app/internal/shared/logging/log.go:154.18,155.27 1 1
github.com/Anthony-Bible/password-exchange/app/internal/shared/logging/log.go:156.25,157.27 1 1
github.com/Anthony-Bible/password-exchange/app/internal/shared/logging/log.go:158.15,159.28 1 1
github.com/Anthony-Bible/password-exchange/app/internal/shared/logging/log.go:160.10,161.27 1 1
github.com/Anthony-Bible/password-exchange/app/internal/shared/logging/log.go:163.2,163.20 1 1
github.com/Anthony-Bible/password-exchange/app/internal/shared/database/migrations/migration.go:22.71,26.20 3 1
github.com/Anthony-Bible/password-exchange/app/internal/shared/database/migrations/migration.go:27.31,28.25 1 1
github.com/Anthony-Bible/password-exchange/app/internal/shared/database/migrations/migration.go:29.28,30.23 1 0
github.com/Anthony-Bible/password-exchange/app/internal/shared/database/migrations/migration.go:31.10,34.77 1 0
github.com/Anthony-Bible/password-exchange/app/internal/shared/database/migrations/migration.go:37.2,41.8 1 1
github.com/Anthony-Bible/password-exchange/app/internal/shared/database/migrations/migration.go:45.31,47.16 2 1
github.com/Anthony-Bible/password-exchange/app/internal/shared/database/migrations/migration.go:47.16,49.3 1 1
github.com/Anthony-Bible/password-exchange/app/internal/shared/database/migrations/migration.go:50.2,52.63 2 1
github.com/Anthony-Bible/password-exchange/app/internal/shared/database/migrations/migration.go:52.63,54.3 1 1
github.com/Anthony-Bible/password-exchange/app/internal/shared/database/migrations/migration.go:56.2,56.12 1 1
github.com/Anthony-Bible/password-exchange/app/internal/shared/database/migrations/migration.go:60.33,62.16 2 1
github.com/Anthony-Bible/password-exchange/app/internal/shared/database/migrations/migration.go:62.16,64.3 1 0
github.com/Anthony-Bible/password-exchange/app/internal/shared/database/migrations/migration.go:65.2,67.38 2 1
github.com/Anthony-Bible/password-exchange/app/internal/shared/database/migrations/migration.go:67.38,69.3 1 1
github.com/Anthony-Bible/password-exchange/app/internal/shared/database/migrations/migration.go:71.2,71.12 1 1
github.com/Anthony-Bible/password-exchange/app/internal/shared/database/migrations/migration.go:75.50,77.16 2 1
github.com/Anthony-Bible/password-exchange/app/internal/shared/database/migrations/migration.go:77.16,79.3 1 0
github.com/Anthony-Bible/password-exchange/app/internal/shared/database/migrations/migration.go:80.2,83.48 3 1
github.com/Anthony-Bible/password-exchange/app/internal/shared/database/migrations/migration.go:83.48,85.3 1 0
github.com/Anthony-Bible/password-exchange/app/internal/shared/database/migrations/migration.go:87.2,87.34 1 1
github.com/Anthony-Bible/password-exchange/app/internal/shared/database/migrations/migration.go:87.34,89.3 1 1
github.com/Anthony-Bible/password-exchange/app/internal/shared/database/migrations/migration.go:91.2,91.28 1 1
github.com/Anthony-Bible/password-exchange/app/internal/shared/database/migrations/migration.go:95.45,97.16 2 0
github.com/Anthony-Bible/password-exchange/app/internal/shared/database/migrations/migration.go:97.16,99.3 1 0
github.com/Anthony-Bible/password-exchange/app/internal/shared/database/migrations/migration.go:100.2,102.43 2 0
github.com/Anthony-Bible/password-exchange/app/internal/shared/database/migrations/migration.go:102.43,104.3 1 0
github.com/Anthony-Bible/password-exchange/app/internal/shared/database/migrations/migration.go:106.2,106.12 1 0
github.com/Anthony-Bible/password-exchange/app/internal/shared/database/migrations/migration.go:109.67,113.22 3 1
github.com/Anthony-Bible/password-exchange/app/internal/shared/database/migrations/migration.go:114.15,115.58 1 0
github.com/Anthony-Bible/password-exchange/app/internal/shared/database/migrations/migration.go:116.17,117.62 1 1
github.com/Anthony-Bible/password-exchange/app/internal/shared/database/migrations/migration.go:118.10,119.79 1 0
github.com/Anthony-Bible/password-exchange/app/internal/shared/database/migrations/migration.go:122.2,122.16 1 1
github.com/Anthony-Bible/password-exchange/app/internal/shared/database/migrations/migration.go:122.16,124.3 1 0
github.com/Anthony-Bible/password-exchange/app/internal/shared/database/migrations/migration.go:126.2,131.16 2 1
github.com/Anthony-Bible/password-exchange/app/internal/shared/database/migrations/migration.go:131.16,133.3 1 1
github.com/Anthony-Bible/password-exchange/app/internal/shared/database/migrations/migration.go:135.2,135.17 1 1
github.com/Anthony-Bible/password-exchange/app/internal/shared/database/migrations/migration.go:139.49,141.16 2 1
github.com/Anthony-Bible/password-exchange/app/internal/shared/database/migrations/migration.go:141.16,143.3 1 0
github.com/Anthony-Bible/password-exchange/app/internal/shared/database/migrations/migration.go:144.2,144.15 1 1
github.com/Anthony-Bible/password-exchange/app/internal/shared/database/migrations/migration.go:148.51,150.16 2 1
github.com/Anthony-Bible/password-exchange/app/internal/shared/database/migrations/migration.go:150.16,152.3 1 0
github.com/Anthony-Bible/password-exchange/app/internal/shared/database/migrations/migration.go:153.2,153.17 1 1
github.com/Anthony-Bible/password-exchange/app/internal/shared/database/migrations/migration.go:157.68,159.16 2 1
github.com/Anthony-Bible/password-exchange/app/internal/shared/database/migrations/migration.go:159.16,161.3 1 0
github.com/Anthony-Bible/password-exchange/app/internal/shared/database/migrations/migration.go:162.2,162.20 1 1
github.com/Anthony-Bible/password-exchange/app/internal/shared/database/migrations/migration.go:166.65,168.16 2 0
github.com/Anthony-Bible/password-exchange/app/internal/shared/database/migrations/migration.go:168.16,170.3 1 0
github.com/Anthony-Bible/password-exchange/app/internal/shared/database/migrations/migration.go:171.2,171.25 1 0
github.com/Anthony-Bible/password-exchange/app/internal/shared/logging/logtest/logtest.go:43.30,43.52 1 1
github.com/Anthony-Bible/password-exchange/app/internal/shared/logging/logtest/logtest.go:45.54,47.2 1 1
github.com/Anthony-Bible/password-exchange/app/internal/shared/logging/logtest/logtest.go:50.42,50.69 1 0
github.com/Anthony-Bible/password-exchange/app/internal/shared/logging/logtest/logtest.go:53.41,53.67 1 1
github.com/Anthony-Bible/password-exchange/app/internal/shared/logging/logtest/logtest.go:56.41,56.67 1 1
github.com/Anthony-Bible/password-exchange/app/internal/shared/logging/logtest/logtest.go:59.42,59.69 1 1
github.com/Anthony-Bible/password-exchange/app/internal/shared/logging/logtest/logtest.go:63.42,63.69 1 0
github.com/Anthony-Bible/password-exchange/app/internal/shared/logging/logtest/logtest.go:65.36,69.2 3 1
github.com/Anthony-Bible/password-exchange/app/internal/shared/logging/logtest/logtest.go:74.38,78.30 4 1
github.com/Anthony-Bible/password-exchange/app/internal/shared/logging/logtest/logtest.go:78.30,80.30 2 1
github.com/Anthony-Bible/password-exchange/app/internal/shared/logging/logtest/logtest.go:80.30,82.4 1 1
github.com/Anthony-Bible/password-exchange/app/internal/shared/logging/logtest/logtest.go:83.3,84.13 2 1
github.com/Anthony-Bible/password-exchange/app/internal/shared/logging/logtest/logtest.go:86.2,86.12 1 1
github.com/Anthony-Bible/password-exchange/app/internal/shared/logging/logtest/logtest.go:90.44,94.30 4 1
github.com/Anthony-Bible/password-exchange/app/internal/shared/logging/logtest/logtest.go:94.30,95.23 1 1
github.com/Anthony-Bible/password-exchange/app/internal/shared/logging/logtest/logtest.go:95.23,97.4 1 1
github.com/Anthony-Bible/password-exchange/app/internal/shared/logging/logtest/logtest.go:99.2,99.10 1 1
github.com/Anthony-Bible/password-exchange/app/internal/shared/logging/logtest/logtest.go:103.52,107.30 4 0
github.com/Anthony-Bible/password-exchange/app/internal/shared/logging/logtest/logtest.go:107.30,108.23 1 0
github.com/Anthony-Bible/password-exchange/app/internal/shared/logging/logtest/logtest.go:108.23,110.4 1 0
github.com/Anthony-Bible/password-exchange/app/internal/shared/logging/logtest/logtest.go:112.2,112.13 1 0
github.com/Anthony-Bible/password-exchange/app/internal/shared/logging/logtest/logtest.go:120.54,122.16 2 1
github.com/Anthony-Bible/password-exchange/app/internal/shared/logging/logtest/logtest.go:122.16,124.3 1 1
github.com/Anthony-Bible/password-exchange/app/internal/shared/logging/logtest/logtest.go:125.2,125.10 1 1
github.com/Anthony-Bible/password-exchange/app/internal/shared/logging/logtest/logtest.go:128.62,131.2 2 1
github.com/Anthony-Bible/password-exchange/app/internal/shared/logging/logtest/logtest.go:133.66,136.2 2 1
github.com/Anthony-Bible/password-exchange/app/internal/shared/logging/logtest/logtest.go:138.70,141.2 2 0
github.com/Anthony-Bible/password-exchange/app/internal/shared/logging/logtest/logtest.go:143.70,146.2 2 0
github.com/Anthony-Bible/password-exchange/app/internal/shared/logging/logtest/logtest.go:148.68,151.2 2 0
github.com/Anthony-Bible/password-exchange/app/internal/shared/logging/logtest/logtest.go:153.76,156.2 2 0
github.com/Anthony-Bible/password-exchange/app/internal/shared/logging/logtest/logtest.go:158.74,161.2 2 0
github.com/Anthony-Bible/password-exchange/app/internal/shared/logging/logtest/logtest.go:163.72,166.2 2 0
github.com/Anthony-Bible/password-exchange/app/internal/shared/logging/logtest/logtest.go:168.41,171.2 2 1
github.com/Anthony-Bible/password-exchange/app/internal/shared/logging/logtest/logtest.go:173.58,175.2 1 0
github.com/Anthony-Bible/password-exchange/app/internal/shared/logging/logtest/logtest.go:182.21,182.38 1 1
github.com/Anthony-Bible/password-exchange/app/internal/shared/logging/logtest/logtest.go:184.35,184.57 1 1
github.com/Anthony-Bible/password-exchange/app/internal/shared/logging/logtest/logtest.go:185.35,185.57 1 0
github.com/Anthony-Bible/password-exchange/app/internal/shared/logging/logtest/logtest.go:186.35,186.57 1 0
github.com/Anthony-Bible/password-exchange/app/internal/shared/logging/logtest/logtest.go:187.35,187.57 1 0
github.com/Anthony-Bible/password-exchange/app/internal/shared/logging/logtest/logtest.go:188.35,188.57 1 1
github.com/Anthony-Bible/password-exchange/app/internal/shared/logging/logtest/logtest.go:192.61,192.73 1 1
github.com/Anthony-Bible/password-exchange/app/internal/shared/logging/logtest/logtest.go:193.61,193.73 1 1
github.com/Anthony-Bible/password-exchange/app/internal/shared/logging/logtest/logtest.go:194.61,194.73 1 1
github.com/Anthony-Bible/password-exchange/app/internal/shared/logging/logtest/logtest.go:195.61,195.73 1 1
github.com/Anthony-Bible/password-exchange/app/internal/shared/logging/logtest/logtest.go:196.61,196.73 1 1
github.com/Anthony-Bible/password-exchange/app/internal/shared/logging/logtest/logtest.go:197.61,197.73 1 1
github.com/Anthony-Bible/password-exchange/app/internal/shared/logging/logtest/logtest.go:198.61,198.73 1 0
github.com/Anthony-Bible/password-exchange/app/internal/shared/logging/logtest/logtest.go:199.61,199.73 1 1
github.com/Anthony-Bible/password-exchange/app/internal/shared/logging/logtest/logtest.go:200.61,200.73 1 1
github.com/Anthony-Bible/password-exchange/app/internal/shared/logging/logtest/logtest.go:201.62,201.63 0 1
github.com/Anthony-Bible/password-exchange/app/internal/shared/logging/logtest/logtest.go:202.62,202.63 0 1
github.com/Anthony-Bible/password-exchange/app/pkg/validation/adapter.go:15.27,15.47 1 1
github.com/Anthony-Bible/password-exchange/app/pkg/validation/adapter.go:18.50,18.81 1 1
github.com/Anthony-Bible/password-exchange/app/pkg/validation/adapter.go:21.61,23.2 1 1
github.com/Anthony-Bible/password-exchange/app/pkg/validation/email.go:27.40,29.36 1 1
github.com/Anthony-Bible/password-exchange/app/pkg/validation/email.go:29.36,31.3 1 1
github.com/Anthony-Bible/password-exchange/app/pkg/validation/email.go:34.2,34.33 1 1
github.com/Anthony-Bible/password-exchange/app/pkg/validation/email.go:34.33,36.3 1 1
github.com/Anthony-Bible/password-exchange/app/pkg/validation/email.go:39.2,43.16 3 1
github.com/Anthony-Bible/password-exchange/app/pkg/validation/email.go:43.16,45.3 1 1
github.com/Anthony-Bible/password-exchange/app/pkg/validation/email.go:48.2,48.46 1 1
github.com/Anthony-Bible/password-exchange/app/pkg/validation/email.go:48.46,50.3 1 1
github.com/Anthony-Bible/password-exchange/app/pkg/validation/email.go:53.2,53.70 1 1
github.com/Anthony-Bible/password-exchange/app/pkg/validation/email.go:53.70,55.3 1 0
github.com/Anthony-Bible/password-exchange/app/pkg/validation/email.go:57.2,57.12 1 1
github.com/Anthony-Bible/password-exchange/app/pkg/validation/email.go:61.55,63.35 1 1
github.com/Anthony-Bible/password-exchange/app/pkg/validation/email.go:63.35,65.3 1 0
github.com/Anthony-Bible/password-exchange/app/pkg/validation/email.go:68.2,69.76 2 1
github.com/Anthony-Bible/password-exchange/app/pkg/validation/email.go:69.76,71.3 1 0
github.com/Anthony-Bible/password-exchange/app/pkg/validation/email.go:74.2,75.21 2 1
github.com/Anthony-Bible/password-exchange/app/pkg/validation/email.go:75.21,77.3 1 0
github.com/Anthony-Bible/password-exchange/app/pkg/validation/email.go:79.2,80.70 2 1
github.com/Anthony-Bible/password-exchange/app/pkg/validation/email.go:80.70,82.3 1 0
github.com/Anthony-Bible/password-exchange/app/pkg/validation/email.go:84.2,84.12 1 1
github.com/Anthony-Bible/password-exchange/app/pkg/validation/email.go:88.51,89.17 1 1
github.com/Anthony-Bible/password-exchange/app/pkg/validation/email.go:89.17,91.3 1 1
github.com/Anthony-Bible/password-exchange/app/pkg/validation/email.go:93.2,94.21 2 1
github.com/Anthony-Bible/password-exchange/app/pkg/validation/email.go:94.21,96.3 1 1
github.com/Anthony-Bible/password-exchange/app/pkg/validation/email.go:98.2,102.25 3 1
github.com/Anthony-Bible/password-exchange/app/pkg/validation/email.go:102.25,104.3 1 1
github.com/Anthony-Bible/password-exchange/app/pkg/validation/email.go:104.8,104.32 1 1
github.com/Anthony-Bible/password-exchange/app/pkg/validation/email.go:104.32,106.3 1 1
github.com/Anthony-Bible/password-exchange/app/pkg/validation/email.go:106.8,108.3 1 1
github.com/Anthony-Bible/password-exchange/app/pkg/validation/email.go:112.42,114.2 1 1
github.com/Anthony-Bible/password-exchange/app/pkg/validation/email.go:118.52,130.2 7 1
github.com/Anthony-Bible/password-exchange/app/pkg/validation/email.go:133.51,135.68 1 1
github.com/Anthony-Bible/password-exchange/app/pkg/validation/email.go:135.68,137.3 1 1
github.com/Anthony-Bible/password-exchange/app/pkg/validation/email.go:140.2,141.36 2 1
github.com/Anthony-Bible/password-exchange/app/pkg/validation/email.go:141.36,142.40 1 1
github.com/Anthony-Bible/password-exchange/app/pkg/validation/email.go:142.40,144.4 1 1
github.com/Anthony-Bible/password-exchange/app/pkg/validation/email.go:150.2,156.43 3 1
github.com/Anthony-Bible/password-exchange/app/pkg/validation/email.go:156.43,157.44 1 1
github.com/Anthony-Bible/password-exchange/app/pkg/validation/email.go:157.44,159.4 1 1
github.com/Anthony-Bible/password-exchange/app/pkg/validation/email.go:162.2,162.12 1 1
github.com/Anthony-Bible/password-exchange/app/internal/domains/notification/domain/reminder_service.go:89.20,101.2 1 1
github.com/Anthony-Bible/password-exchange/app/internal/domains/notification/domain/reminder_service.go:104.102,106.34 1 1
github.com/Anthony-Bible/password-exchange/app/internal/domains/notification/domain/reminder_service.go:106.34,108.3 1 1
github.com/Anthony-Bible/password-exchange/app/internal/domains/notification/domain/reminder_service.go:111.2,111.65 1 1
github.com/Anthony-Bible/password-exchange/app/internal/domains/notification/domain/reminder_service.go:111.65,120.3 2 1
github.com/Anthony-Bible/password-exchange/app/internal/domains/notification/domain/reminder_service.go:122.2,122.29 1 1
github.com/Anthony-Bible/password-exchange/app/internal/domains/notification/domain/reminder_service.go:122.29,125.3 2 1
github.com/Anthony-Bible/password-exchange/app/internal/domains/notification/domain/reminder_service.go:127.2,137.46 3 1
github.com/Anthony-Bible/password-exchange/app/internal/domains/notification/domain/reminder_service.go:137.46,146.3 3 1
github.com/Anthony-Bible/password-exchange/app/internal/domains/notification/domain/reminder_service.go:147.2,147.16 1 1
github.com/Anthony-Bible/password-exchange/app/internal/domains/notification/domain/reminder_service.go:147.16,149.3 1 1
github.com/Anthony-Bible/password-exchange/app/internal/domains/notification/domain/reminder_service.go:151.2,153.24 2 1
github.com/Anthony-Bible/password-exchange/app/internal/domains/notification/domain/reminder_service.go:153.24,156.3 2 1
github.com/Anthony-Bible/password-exchange/app/internal/domains/notification/domain/reminder_service.go:160.2,162.35 3 1
github.com/Anthony-Bible/password-exchange/app/internal/domains/notification/domain/reminder_service.go:162.35,173.47 2 1
github.com/Anthony-Bible/password-exchange/app/internal/domains/notification/domain/reminder_service.go:173.47,175.4 1 1
github.com/Anthony-Bible/password-exchange/app/internal/domains/notification/domain/reminder_service.go:176.3,176.17 1 1
github.com/Anthony-Bible/password-exchange/app/internal/domains/notification/domain/reminder_service.go:176.17,185.12 3 1
github.com/Anthony-Bible/password-exchange/app/internal/domains/notification/domain/reminder_service.go:187.3,187.19 1 1
github.com/Anthony-Bible/password-exchange/app/internal/domains/notification/domain/reminder_service.go:190.2,198.24 2 1
github.com/Anthony-Bible/password-exchange/app/internal/domains/notification/domain/reminder_service.go:198.24,205.3 2 1
github.com/Anthony-Bible/password-exchange/app/internal/domains/notification/domain/reminder_service.go:208.2,208.20 1 0
github.com/Anthony-Bible/password-exchange/app/internal/domains/notification/domain/reminder_service.go:208.20,214.3 2 0
github.com/Anthony-Bible/password-exchange/app/internal/domains/notification/domain/reminder_service.go:216.2,216.12 1 0
github.com/Anthony-Bible/password-exchange/app/internal/domains/notification/domain/reminder_service.go:220.110,222.36 1 1
github.com/Anthony-Bible/password-exchange/app/internal/domains/notification/domain/reminder_service.go:222.36,224.3 1 1
github.com/Anthony-Bible/password-exchange/app/internal/domains/notification/domain/reminder_service.go:226.2,226.36 1 1
github.com/Anthony-Bible/password-exchange/app/internal/domains/notification/domain/reminder_service.go:226.36,228.3 1 1
github.com/Anthony-Bible/password-exchange/app/internal/domains/notification/domain/reminder_service.go:230.2,230.33 1 1
github.com/Anthony-Bible/password-exchange/app/internal/domains/notification/domain/reminder_service.go:230.33,232.3 1 1
github.com/Anthony-Bible/password-exchange/app/internal/domains/notification/domain/reminder_service.go:235.2,235.83 1 1
github.com/Anthony-Bible/password-exchange/app/internal/domains/notification/domain/reminder_service.go:235.83,237.3 1 1
github.com/Anthony-Bible/password-exchange/app/internal/domains/notification/domain/reminder_service.go:239.2,248.46 3 1
github.com/Anthony-Bible/password-exchange/app/internal/domains/notification/domain/reminder_service.go:248.46,252.3 3 1
github.com/Anthony-Bible/password-exchange/app/internal/domains/notification/domain/reminder_service.go:253.2,253.16 1 1
github.com/Anthony-Bible/password-exchange/app/internal/domains/notification/domain/reminder_service.go:253.16,255.3 1 0
github.com/Anthony-Bible/password-exchange/app/internal/domains/notification/domain/reminder_service.go:257.2,258.22 2 1
github.com/Anthony-Bible/password-exchange/app/internal/domains/notification/domain/reminder_service.go:258.22,260.3 1 1
github.com/Anthony-Bible/password-exchange/app/internal/domains/notification/domain/reminder_service.go:263.2,278.36 3 1
github.com/Anthony-Bible/password-exchange/app/internal/domains/notification/domain/reminder_service.go:278.36,280.17 2 1
github.com/Anthony-Bible/password-exchange/app/internal/domains/notification/domain/reminder_service.go:280.17,286.4 1 0
github.com/Anthony-Bible/password-exchange/app/internal/domains/notification/domain/reminder_service.go:287.8,293.3 1 0
github.com/Anthony-Bible/password-exchange/app/internal/domains/notification/domain/reminder_service.go:296.2,296.45 1 1
github.com/Anthony-Bible/password-exchange/app/internal/domains/notification/domain/reminder_service.go:296.45,298.3 1 1
github.com/Anthony-Bible/password-exchange/app/internal/domains/notification/domain/reminder_service.go:299.2,299.16 1 1
github.com/Anthony-Bible/password-exchange/app/internal/domains/notification/domain/reminder_service.go:299.16,301.3 1 1
github.com/Anthony-Bible/password-exchange/app/internal/domains/notification/domain/reminder_service.go:303.2,309.12 2 1
github.com/Anthony-Bible/password-exchange/app/internal/domains/notification/domain/reminder_service.go:315.117,318.52 2 1
github.com/Anthony-Bible/password-exchange/app/internal/domains/notification/domain/reminder_service.go:318.52,320.55 1 1
github.com/Anthony-Bible/password-exchange/app/internal/domains/notification/domain/reminder_service.go:320.55,327.4 2 1
github.com/Anthony-Bible/password-exchange/app/internal/domains/notification/domain/reminder_service.go:330.3,331.17 2 1
github.com/Anthony-Bible/password-exchange/app/internal/domains/notification/domain/reminder_service.go:331.17,334.19 2 1
github.com/Anthony-Bible/password-exchange/app/internal/domains/notification/domain/reminder_service.go:334.19,339.5 1 1
github.com/Anthony-Bible/password-exchange/app/internal/domains/notification/domain/reminder_service.go:340.4,340.14 1 1
github.com/Anthony-Bible/password-exchange/app/internal/domains/notification/domain/reminder_service.go:343.3,347.30 3 1
github.com/Anthony-Bible/password-exchange/app/internal/domains/notification/domain/reminder_service.go:347.30,348.9 1 1
github.com/Anthony-Bible/password-exchange/app/internal/domains/notification/domain/reminder_service.go:352.3,353.28 2 1
github.com/Anthony-Bible/password-exchange/app/internal/domains/notification/domain/reminder_service.go:353.28,355.4 1 0
github.com/Anthony-Bible/password-exchange/app/internal/domains/notification/domain/reminder_service.go:357.3,365.10 2 1
github.com/Anthony-Bible/password-exchange/app/internal/domains/notification/domain/reminder_service.go:366.21,367.20 1 1
github.com/Anthony-Bible/password-exchange/app/internal/domains/notification/domain/reminder_service.go:368.28,368.28 0 1
github.com/Anthony-Bible/password-exchange/app/internal/domains/notification/domain/reminder_service.go:372.2,378.117 2 1
github.com/Anthony-Bible/password-exchange/app/internal/domains/notification/domain/reminder_service.go:382.87,383.112 1 1
github.com/Anthony-Bible/password-exchange/app/internal/domains/notification/domain/reminder_service.go:383.112,385.3 1 1
github.com/Anthony-Bible/password-exchange/app/internal/domains/notification/domain/reminder_service.go:387.2,387.100 1 1
github.com/Anthony-Bible/password-exchange/app/internal/domains/notification/domain/reminder_service.go:387.100,389.3 1 1
github.com/Anthony-Bible/password-exchange/app/internal/domains/notification/domain/reminder_service.go:391.2,391.100 1 1
github.com/Anthony-Bible/password-exchange/app/internal/domains/notification/domain/reminder_service.go:391.100,393.3 1 1
github.com/Anthony-Bible/password-exchange/app/internal/domains/notification/domain/reminder_service.go:395.2,395.12 1 1
github.com/Anthony-Bible/password-exchange/app/internal/domains/notification/domain/reminder_service.go:399.58,400.30 1 1
github.com/Anthony-Bible/password-exchange/app/internal/domains/notification/domain/reminder_service.go:401.28,402.13 1 1
github.com/Anthony-Bible/password-exchange/app/internal/domains/notification/domain/reminder_service.go:403.26,404.73 1 1
github.com/Anthony-Bible/password-exchange/app/internal/domains/notification/domain/reminder_service.go:404.73,408.36 2 1
github.com/Anthony-Bible/password-exchange/app/internal/domains/notification/domain/reminder_service.go:408.36,414.5 1 1
github.com/Anthony-Bible/password-exchange/app/internal/domains/notification/domain/reminder_service.go:415.4,415.14 1 1
github.com/Anthony-Bible/password-exchange/app/internal/domains/notification/domain/reminder_service.go:417.3,417.31 1 1
github.com/Anthony-Bible/password-exchange/app/internal/domains/notification/domain/reminder_service.go:418.30,419.13 1 1
github.com/Anthony-Bible/password-exchange/app/internal/domains/notification/domain/reminder_service.go:420.10,421.13 1 0
github.com/Anthony-Bible/password-exchange/app/internal/domains/notification/domain/reminder_service.go:426.55,432.72 4 1
github.com/Anthony-Bible/password-exchange/app/internal/domains/notification/domain/reminder_service.go:432.72,437.3 1 1
github.com/Anthony-Bible/password-exchange/app/internal/domains/notification/domain/reminder_service.go:441.55,445.60 3 1
github.com/Anthony-Bible/password-exchange/app/internal/domains/notification/domain/reminder_service.go:445.60,449.35 2 1
github.com/Anthony-Bible/password-exchange/app/internal/domains/notification/domain/reminder_service.go:449.35,455.4 1 1
github.com/Anthony-Bible/password-exchange/app/internal/domains/notification/domain/service.go:32.24,43.2 2 1
github.com/Anthony-Bible/password-exchange/app/internal/domains/notification/domain/service.go:54.24,64.2 1 0
github.com/Anthony-Bible/password-exchange/app/internal/domains/notification/domain/service.go:70.34,71.59 1 1
github.com/Anthony-Bible/password-exchange/app/internal/domains/notification/domain/service.go:71.59,74.3 2 1
github.com/Anthony-Bible/password-exchange/app/internal/domains/notification/domain/service.go:76.2,77.16 2 1
github.com/Anthony-Bible/password-exchange/app/internal/domains/notification/domain/service.go:77.16,83.3 2 1
github.com/Anthony-Bible/password-exchange/app/internal/domains/notification/domain/service.go:85.2,89.22 2 1
github.com/Anthony-Bible/password-exchange/app/internal/domains/notification/domain/service.go:97.9,101.16 3 0
github.com/Anthony-Bible/password-exchange/app/internal/domains/notification/domain/service.go:101.16,104.3 2 0
github.com/Anthony-Bible/password-exchange/app/internal/domains/notification/domain/service.go:106.2,106.12 1 0
github.com/Anthony-Bible/password-exchange/app/internal/domains/notification/domain/service.go:110.90,121.16 4 1
github.com/Anthony-Bible/password-exchange/app/internal/domains/notification/domain/service.go:121.16,127.3 2 1
github.com/Anthony-Bible/password-exchange/app/internal/domains/notification/domain/service.go:129.2,132.12 2 1
github.com/Anthony-Bible/password-exchange/app/internal/domains/notification/domain/service.go:136.95,150.2 2 1
github.com/Anthony-Bible/password-exchange/app/internal/domains/notification/domain/service.go:153.90,154.37 1 1
github.com/Anthony-Bible/password-exchange/app/internal/domains/notification/domain/service.go:154.37,156.3 1 1
github.com/Anthony-Bible/password-exchange/app/internal/domains/notification/domain/service.go:158.2,158.39 1 1
github.com/Anthony-Bible/password-exchange/app/internal/domains/notification/domain/service.go:158.39,160.3 1 1
github.com/Anthony-Bible/password-exchange/app/internal/domains/notification/domain/service.go:162.2,162.42 1 1
github.com/Anthony-Bible/password-exchange/app/internal/domains/notification/domain/service.go:162.42,164.3 1 1
github.com/Anthony-Bible/password-exchange/app/internal/domains/notification/domain/service.go:167.2,167.59 1 1
github.com/Anthony-Bible/password-exchange/app/internal/domains/notification/domain/service.go:167.59,169.3 1 1
github.com/Anthony-Bible/password-exchange/app/internal/domains/notification/domain/service.go:170.2,170.61 1 1
github.com/Anthony-Bible/password-exchange/app/internal/domains/notification/domain/service.go:170.61,172.3 1 1
github.com/Anthony-Bible/password-exchange/app/internal/domains/notification/domain/service.go:174.2,174.12 1 1
github.com/Anthony-Bible/password-exchange/app/internal/domains/notification/domain/service.go:178.98,180.2 1 0
github.com/Anthony-Bible/password-exchange/app/internal/domains/notification/domain/service.go:183.102,185.2 1 0
github.com/Anthony-Bible/password-exchange/app/internal/domains/notification/domain/service.go:188.45,190.2 1 0
github.com/Anthony-Bible/password-exchange/app/internal/domains/message/adapters/primary/api/file_handlers.go:34.69,36.2 1 1
github.com/Anthony-Bible/password-exchange/app/internal/domains/message/adapters/primary/api/file_handlers.go:47.57,49.47 2 1
github.com/Anthony-Bible/password-exchange/app/internal/domains/message/adapters/primary/api/file_handlers.go:49.47,52.3 2 0
github.com/Anthony-Bible/password-exchange/app/internal/domains/message/adapters/primary/api/file_handlers.go:54.2,54.91 1 1
github.com/Anthony-Bible/password-exchange/app/internal/domains/message/adapters/primary/api/file_handlers.go:54.91,62.3 2 1
github.com/Anthony-Bible/password-exchange/app/internal/domains/message/adapters/primary/api/file_handlers.go:64.2,71.16 2 1
github.com/Anthony-Bible/password-exchange/app/internal/domains/message/adapters/primary/api/file_handlers.go:71.16,74.3 2 1
github.com/Anthony-Bible/password-exchange/app/internal/domains/message/adapters/primary/api/file_handlers.go:76.2,77.121 2 1
github.com/Anthony-Bible/password-exchange/app/internal/domains/message/adapters/primary/api/file_handlers.go:81.54,87.86 5 1
github.com/Anthony-Bible/password-exchange/app/internal/domains/message/adapters/primary/api/file_handlers.go:87.86,94.3 2 1
github.com/Anthony-Bible/password-exchange/app/internal/domains/message/adapters/primary/api/file_handlers.go:96.2,97.16 2 1
github.com/Anthony-Bible/password-exchange/app/internal/domains/message/adapters/primary/api/file_handlers.go:97.16,100.3 2 0
github.com/Anthony-Bible/password-exchange/app/internal/domains/message/adapters/primary/api/file_handlers.go:101.2,101.15 1 1
github.com/Anthony-Bible/password-exchange/app/internal/domains/message/adapters/primary/api/file_handlers.go:101.15,103.3 1 1
github.com/Anthony-Bible/password-exchange/app/internal/domains/message/adapters/primary/api/file_handlers.go:105.2,106.16 2 1
github.com/Anthony-Bible/password-exchange/app/internal/domains/message/adapters/primary/api/file_handlers.go:106.16,109.3 2 0
github.com/Anthony-Bible/password-exchange/app/internal/domains/message/adapters/primary/api/file_handlers.go:111.2,118.16 2 1
github.com/Anthony-Bible/password-exchange/app/internal/domains/message/adapters/primary/api/file_handlers.go:118.16,121.3 2 1
github.com/Anthony-Bible/password-exchange/app/internal/domains/message/adapters/primary/api/file_handlers.go:123.2,123.115 1 1
github.com/Anthony-Bible/password-exchange/app/internal/domains/message/adapters/primary/api/file_handlers.go:138.55,140.22 2 1
github.com/Anthony-Bible/password-exchange/app/internal/domains/message/adapters/primary/api/file_handlers.go:140.22,143.3 2 1
github.com/Anthony-Bible/password-exchange/app/internal/domains/message/adapters/primary/api/file_handlers.go:145.2,146.16 2 1
github.com/Anthony-Bible/password-exchange/app/internal/domains/message/adapters/primary/api/file_handlers.go:146.16,149.3 2 0
github.com/Anthony-Bible/password-exchange/app/internal/domains/message/adapters/primary/api/file_handlers.go:151.2,152.16 2 1
github.com/Anthony-Bible/password-exchange/app/internal/domains/message/adapters/primary/api/file_handlers.go:152.16,155.3 2 1
github.com/Anthony-Bible/password-exchange/app/internal/domains/message/adapters/primary/api/file_handlers.go:156.2,156.15 1 1
github.com/Anthony-Bible/password-exchange/app/internal/domains/message/adapters/primary/api/file_handlers.go:156.15,157.46 1 1
github.com/Anthony-Bible/password-exchange/app/internal/domains/message/adapters/primary/api/file_handlers.go:157.46,159.4 1 1
github.com/Anthony-Bible/password-exchange/app/internal/domains/message/adapters/primary/api/file_handlers.go:162.2,166.60 5 1
github.com/Anthony-Bible/password-exchange/app/internal/domains/message/adapters/primary/api/file_handlers.go:166.60,168.30 2 1
github.com/Anthony-Bible/password-exchange/app/internal/domains/message/adapters/primary/api/file_handlers.go:172.55,175.43 3 1
github.com/Anthony-Bible/password-exchange/app/internal/domains/message/adapters/primary/api/file_handlers.go:175.43,176.50 1 1
github.com/Anthony-Bible/password-exchange/app/internal/domains/message/adapters/primary/api/file_handlers.go:176.50,178.4 1 0
github.com/Anthony-Bible/password-exchange/app/internal/domains/message/adapters/primary/api/file_handlers.go:179.3,179.11 1 1
github.com/Anthony-Bible/password-exchange/app/internal/domains/message/adapters/primary/api/file_handlers.go:181.2,182.59 2 1
github.com/Anthony-Bible/password-exchange/app/internal/domains/message/adapters/primary/api/file_handlers.go:182.59,184.3 1 0
github.com/Anthony-Bible/password-exchange/app/internal/domains/message/adapters/primary/api/file_handlers.go:185.2,185.17 1 1
github.com/Anthony-Bible/password-exchange/app/internal/domains/message/adapters/primary/api/file_handlers.go:188.91,190.2 1 1
github.com/Anthony-Bible/password-exchange/app/internal/domains/message/adapters/primary/api/file_handlers.go:192.79,197.9 4 1
github.com/Anthony-Bible/password-exchange/app/internal/domains/message/adapters/primary/api/file_handlers.go:198.188,201.24 3 1
github.com/Anthony-Bible/password-exchange/app/internal/domains/message/adapters/primary/api/file_handlers.go:202.55,205.24 3 1
github.com/Anthony-Bible/password-exchange/app/internal/domains/message/adapters/primary/api/file_handlers.go:206.54,209.24 3 1
github.com/Anthony-Bible/password-exchange/app/internal/domains/message/adapters/primary/api/file_handlers.go:212.2,212.46 1 1
github.com/Anthony-Bible/password-exchange/app/internal/domains/message/adapters/primary/api/file_handlers.go:212.46,219.3 2 1
github.com/Anthony-Bible/password-exchange/app/internal/domains/message/adapters/primary/api/file_handlers.go:221.2,221.61 1 1
github.com/Anthony-Bible/password-exchange/app/internal/domains/message/adapters/primary/api/handlers.go:43.22,49.2 1 1
github.com/Anthony-Bible/password-exchange/app/internal/domains/message/adapters/primary/api/handlers.go:63.59,73.47 5 1
github.com/Anthony-Bible/password-exchange/app/internal/domains/message/adapters/primary/api/handlers.go:73.47,84.3 2 0
github.com/Anthony-Bible/password-exchange/app/internal/domains/message/adapters/primary/api/handlers.go:87.2,87.93 1 1
github.com/Anthony-Bible/password-exchange/app/internal/domains/message/adapters/primary/api/handlers.go:87.93,96.3 2 1
github.com/Anthony-Bible/password-exchange/app/internal/domains/message/adapters/primary/api/handlers.go:99.2,110.23 2 1
github.com/Anthony-Bible/password-exchange/app/internal/domains/message/adapters/primary/api/handlers.go:110.23,113.3 2 1
github.com/Anthony-Bible/password-exchange/app/internal/domains/message/adapters/primary/api/handlers.go:115.2,115.26 1 1
github.com/Anthony-Bible/password-exchange/app/internal/domains/message/adapters/primary/api/handlers.go:115.26,118.3 2 1
github.com/Anthony-Bible/password-exchange/app/internal/domains/message/adapters/primary/api/handlers.go:121.2,126.16 4 1
github.com/Anthony-Bible/password-exchange/app/internal/domains/message/adapters/primary/api/handlers.go:126.16,140.3 3 0
github.com/Anthony-Bible/password-exchange/app/internal/domains/message/adapters/primary/api/handlers.go:143.2,157.41 3 1
github.com/Anthony-Bible/password-exchange/app/internal/domains/message/adapters/primary/api/handlers.go:172.60,184.16 6 1
github.com/Anthony-Bible/password-exchange/app/internal/domains/message/adapters/primary/api/handlers.go:184.16,199.3 3 0
github.com/Anthony-Bible/password-exchange/app/internal/domains/message/adapters/primary/api/handlers.go:201.2,201.24 1 1
github.com/Anthony-Bible/password-exchange/app/internal/domains/message/adapters/primary/api/handlers.go:201.24,210.3 2 1
github.com/Anthony-Bible/password-exchange/app/internal/domains/message/adapters/primary/api/handlers.go:213.2,221.33 2 1
github.com/Anthony-Bible/password-exchange/app/internal/domains/message/adapters/primary/api/handlers.go:238.60,250.47 6 1
github.com/Anthony-Bible/password-exchange/app/internal/domains/message/adapters/primary/api/handlers.go:250.47,261.3 2 0
github.com/Anthony-Bible/password-exchange/app/internal/domains/message/adapters/primary/api/handlers.go:264.2,265.16 2 1
github.com/Anthony-Bible/password-exchange/app/internal/domains/message/adapters/primary/api/handlers.go:265.16,274.3 2 0
github.com/Anthony-Bible/password-exchange/app/internal/domains/message/adapters/primary/api/handlers.go:277.2,285.16 3 1
github.com/Anthony-Bible/password-exchange/app/internal/domains/message/adapters/primary/api/handlers.go:285.16,293.41 2 0
github.com/Anthony-Bible/password-exchange/app/internal/domains/message/adapters/primary/api/handlers.go:293.41,302.4 2 0
github.com/Anthony-Bible/password-exchange/app/internal/domains/message/adapters/primary/api/handlers.go:305.3,312.9 2 0
github.com/Anthony-Bible/password-exchange/app/internal/domains/message/adapters/primary/api/handlers.go:316.2,330.36 3 1
github.com/Anthony-Bible/password-exchange/app/internal/domains/message/adapters/primary/api/handlers.go:341.57,366.31 7 1
github.com/Anthony-Bible/password-exchange/app/internal/domains/message/adapters/primary/api/handlers.go:366.31,368.56 2 1
github.com/Anthony-Bible/password-exchange/app/internal/domains/message/adapters/primary/api/handlers.go:368.56,371.34 3 1
github.com/Anthony-Bible/password-exchange/app/internal/domains/message/adapters/primary/api/handlers.go:371.34,374.5 2 1
github.com/Anthony-Bible/password-exchange/app/internal/domains/message/adapters/primary/api/handlers.go:375.4,377.15 3 1
github.com/Anthony-Bible/password-exchange/app/internal/domains/message/adapters/primary/api/handlers.go:380.2,383.34 3 1
github.com/Anthony-Bible/password-exchange/app/internal/domains/message/adapters/primary/api/handlers.go:383.34,384.28 1 1
github.com/Anthony-Bible/password-exchange/app/internal/domains/message/adapters/primary/api/handlers.go:384.28,386.4 1 1
github.com/Anthony-Bible/password-exchange/app/internal/domains/message/adapters/primary/api/handlers.go:389.2,390.9 2 1
github.com/Anthony-Bible/password-exchange/app/internal/domains/message/adapters/primary/api/handlers.go:391.31,392.24 1 1
github.com/Anthony-Bible/password-exchange/app/internal/domains/message/adapters/primary/api/handlers.go:393.18,394.23 1 1
github.com/Anthony-Bible/password-exchange/app/internal/domains/message/adapters/primary/api/handlers.go:397.2,404.33 2 1
github.com/Anthony-Bible/password-exchange/app/internal/domains/message/adapters/primary/api/handlers.go:410.51,412.2 1 1
github.com/Anthony-Bible/password-exchange/app/internal/domains/message/adapters/primary/api/handlers.go:418.52,436.31 5 1
github.com/Anthony-Bible/password-exchange/app/internal/domains/message/adapters/primary/api/handlers.go:436.31,438.56 2 1
github.com/Anthony-Bible/password-exchange/app/internal/domains/message/adapters/primary/api/handlers.go:438.56,440.34 2 1
github.com/Anthony-Bible/password-exchange/app/internal/domains/message/adapters/primary/api/handlers.go:440.34,445.5 4 1
github.com/Anthony-Bible/password-exchange/app/internal/domains/message/adapters/primary/api/handlers.go:448.2,450.21 2 1
github.com/Anthony-Bible/password-exchange/app/internal/domains/message/adapters/primary/api/handlers.go:450.21,456.3 2 1
github.com/Anthony-Bible/password-exchange/app/internal/domains/message/adapters/primary/api/handlers.go:457.2,457.46 1 1
github.com/Anthony-Bible/password-exchange/app/internal/domains/message/adapters/primary/api/handlers.go:468.53,494.2 4 1
github.com/Anthony-Bible/password-exchange/app/internal/domains/message/adapters/primary/api/server.go:36.11,38.2 1 1
github.com/Anthony-Bible/password-exchange/app/internal/domains/message/adapters/primary/api/server.go:47.11,49.2 1 1
github.com/Anthony-Bible/password-exchange/app/internal/domains/message/adapters/primary/api/server.go:56.11,70.2 5 1
github.com/Anthony-Bible/password-exchange/app/internal/domains/message/adapters/primary/api/server.go:73.42,75.2 1 1
github.com/Anthony-Bible/password-exchange/app/internal/domains/message/adapters/primary/api/server.go:83.15,89.96 2 1
github.com/Anthony-Bible/password-exchange/app/internal/domains/message/adapters/primary/api/server.go:89.96,90.34 1 0
github.com/Anthony-Bible/password-exchange/app/internal/domains/message/adapters/primary/api/server.go:90.34,91.14 1 0
github.com/Anthony-Bible/password-exchange/app/internal/domains/message/adapters/primary/api/server.go:93.3,94.52 2 0
github.com/Anthony-Bible/password-exchange/app/internal/domains/message/adapters/primary/api/server.go:99.2,108.34 8 1
github.com/Anthony-Bible/password-exchange/app/internal/domains/message/adapters/primary/api/server.go:108.34,116.36 4 1
github.com/Anthony-Bible/password-exchange/app/internal/domains/message/adapters/primary/api/server.go:116.36,119.4 2 0
github.com/Anthony-Bible/password-exchange/app/internal/domains/message/adapters/primary/api/server.go:121.3,121.11 1 1
github.com/Anthony-Bible/password-exchange/app/internal/domains/message/adapters/primary/api/server.go:130.2,135.2 4 1
github.com/Anthony-Bible/password-exchange/app/internal/domains/message/adapters/primary/api/server.go:135.2,138.3 2 1
github.com/Anthony-Bible/password-exchange/app/internal/domains/message/adapters/primary/api/server.go:138.3,142.4 3 1
github.com/Anthony-Bible/password-exchange/app/internal/domains/message/adapters/primary/api/server.go:144.3,144.25 1 1
github.com/Anthony-Bible/password-exchange/app/internal/domains/message/adapters/primary/api/server.go:144.25,149.4 4 1
github.com/Anthony-Bible/password-exchange/app/internal/domains/message/adapters/primary/api/server.go:152.3,156.104 3 1
github.com/Anthony-Bible/password-exchange/app/internal/domains/message/adapters/primary/api/server.go:160.2,162.15 2 1
